-- MySqlBackup.NET dump 1.5.7 beta
-- Dump time: 2013-05-27 11:24:30
-- ------------------------------------------------------
-- Server version	5.6.11-log MySQL Community Server (GPL)


/*!40101 SET @OLD_CHARACTER_SET_CLIENT=@@CHARACTER_SET_CLIENT */;
/*!40101 SET @OLD_CHARACTER_SET_RESULTS=@@CHARACTER_SET_RESULTS */;
/*!40101 SET @OLD_COLLATION_CONNECTION=@@COLLATION_CONNECTION */;
/*!40101 SET NAMES utf8 */;
/*!40103 SET @OLD_TIME_ZONE=@@TIME_ZONE */;
/*!40103 SET TIME_ZONE='+00:00' */;
/*!40014 SET @OLD_UNIQUE_CHECKS=@@UNIQUE_CHECKS, UNIQUE_CHECKS=0 */;
/*!40014 SET @OLD_FOREIGN_KEY_CHECKS=@@FOREIGN_KEY_CHECKS, FOREIGN_KEY_CHECKS=0 */;
/*!40101 SET @OLD_SQL_MODE=@@SQL_MODE, SQL_MODE='NO_AUTO_VALUE_ON_ZERO' */;
/*!40111 SET @OLD_SQL_NOTES=@@SQL_NOTES, SQL_NOTES=0 */;


--
-- Definition of table `Devolucion`
--

DROP TABLE IF EXISTS `Devolucion`;
CREATE TABLE IF NOT EXISTS `Devolucion` (
  `id_devolucion` varchar(255) NOT NULL,
  `idfactura` varchar(255) NOT NULL,
  `fecha` date NOT NULL,
  `estado` bit(1) NOT NULL,
  PRIMARY KEY (`id_devolucion`)
) ENGINE=InnoDB DEFAULT CHARSET=latin1;

--
-- Dumping data for table `Devolucion`
--

/*!40000 ALTER TABLE `Devolucion` DISABLE KEYS */;

/*!40000 ALTER TABLE `Devolucion` ENABLE KEYS */;


--
-- Definition of table `Factura`
--

DROP TABLE IF EXISTS `Factura`;
CREATE TABLE IF NOT EXISTS `Factura` (
  `idfactura` varchar(255) NOT NULL,
  `venta_total` decimal(10,2) DEFAULT NULL,
  `venta_nosujeta` decimal(10,2) DEFAULT NULL,
  `venta_exenta` decimal(10,2) DEFAULT NULL,
  `id_cliente` varchar(255) NOT NULL,
  `fecha` date NOT NULL,
  `id_empleado` varchar(255) NOT NULL,
  `hora` text NOT NULL,
  `direccion` text,
  PRIMARY KEY (`idfactura`)
) ENGINE=InnoDB DEFAULT CHARSET=latin1;

--
-- Dumping data for table `Factura`
--

/*!40000 ALTER TABLE `Factura` DISABLE KEYS */;
INSERT INTO `Factura` (`idfactura`,`venta_total`,`venta_nosujeta`,`venta_exenta`,`id_cliente`,`fecha`,`id_empleado`,`hora`,`direccion`) VALUES
('FACTCLT211611174692',10.00,0.00,0.00,'CLT21161117','2013-05-13 00:00:00','EMPRO8182','09:01 p.m.',''),
('FACTCLT21161117711',384.00,0.00,0.00,'CLT21161117','2013-05-15 00:00:00','EMPRO8182','06:17 p.m.',''),
('FACTCLT361623200191',38.25,0.00,0.00,'CLT36162320','2013-05-04 00:00:00','EMPRO8182','15:46:00','75 ave norte'),
('FACTCLT361623201201',99.50,0.00,0.00,'CLT36162320','2013-05-04 00:00:00','EMPRO8182','15:26:00','75 ave norte'),
('FACTCLT361623201492',800.00,0.00,0.00,'CLT36162320','2013-05-05 00:00:00','EMPRO8182','14:23:00','75 ave norte'),
('FACTCLT361623203563',225.00,0.00,0.00,'CLT36162320','2013-05-16 00:00:00','EMPHH7428','11:58 a.m.','75 ave norte'),
('FACTCLT361623203862',10.00,0.00,0.00,'CLT36162320','2013-05-14 00:00:00','EMPRO8182','05:24 p.m.','75 ave norte'),
('FACTCLT361623204260',45.00,0.00,0.00,'CLT36162320','2013-05-16 00:00:00','EMPHH7428','11:56 a.m.','75 ave norte'),
('FACTCLT361623205880',10.00,0.00,0.00,'CLT36162320','2013-05-16 00:00:00','EMPRO8182','10:41 a.m.','75 ave norte'),
('FACTCLT361623206273',10.00,0.00,0.00,'CLT36162320','2013-05-12 00:00:00','EMPRO8182','09:04 p.m.','75 ave norte'),
('FACTCLT36162320682',40.00,0.00,0.00,'CLT36162320','2013-05-11 00:00:00','EMPRO8182','11:18 a.m.','75 ave norte'),
('FACTCLT361623208294',7.50,0.00,0.00,'CLT36162320','2013-05-06 00:00:00','EMPRO8182','19:10:00','75 ave norte'),
('FACTCLT361623208570',6360.00,0.00,0.00,'CLT36162320','2013-05-14 00:00:00','EMPRO8182','11:22 a.m.','75 ave norte'),
('FACTCLT394291618693',205.00,0.00,0.00,'CLT39429161','2013-05-06 00:00:00','EMPRO8182','14:59:00','75ave norte');
/*!40000 ALTER TABLE `Factura` ENABLE KEYS */;


--
-- Definition of table `Notificacion`
--

DROP TABLE IF EXISTS `Notificacion`;
CREATE TABLE IF NOT EXISTS `Notificacion` (
  `idnotificacion` varchar(255) NOT NULL,
  `Notificacion` varchar(255) NOT NULL,
  `Hora` time NOT NULL,
  `Fecha` date NOT NULL,
  `idusuario` varchar(255) NOT NULL,
  `prioridad` int(11) DEFAULT NULL,
  `idsucursal` text NOT NULL,
  PRIMARY KEY (`idnotificacion`)
) ENGINE=InnoDB DEFAULT CHARSET=utf8;

--
-- Dumping data for table `Notificacion`
--

/*!40000 ALTER TABLE `Notificacion` DISABLE KEYS */;
INSERT INTO `Notificacion` (`idnotificacion`,`Notificacion`,`Hora`,`Fecha`,`idusuario`,`prioridad`,`idsucursal`) VALUES
('NTNP101330692971','Sesion Iniciada','11:37:53','2013-05-14 00:00:00','roli55574',0,'Su1002011'),
('NTNP10292148922','Sesion Iniciada','15:29:54','2013-04-15 00:00:00','roli55574',0,'Su1002011'),
('NTNP103918859182','Sesion Iniciada','12:39:46','2013-04-25 00:00:00','roli55574',0,'Su1002011'),
('NTNP105578692483','Sesion Iniciada','16:36:21','2013-04-07 00:00:00','rolignu86255',0,'Su1002011'),
('NTNP106648357573','Sesion Iniciada','14:06:02','2013-05-14 00:00:00','roli55574',0,'Su1002011'),
('NTNP109102273979','Sesion Iniciada','11:59:10','2013-04-07 00:00:00','rolignu86255',0,'Su1002011'),
('NTNP113555189385','Sesion Iniciada','10:42:43','2013-04-11 00:00:00','roli55574',0,'Su1002011'),
('NTNP114420937580','Cerro sesion ','19:51:38','2013-05-15 00:00:00','roli55574',1,'Su1002011'),
('NTNP11521421685','Sesion Iniciada','17:36:22','2013-04-23 00:00:00','herberth20698',0,'Su1002011'),
('NTNP11866793692','Sesion Iniciada','14:49:30','2013-04-12 00:00:00','roli55574',0,'Su1002011'),
('NTNP121327768392','Sesion Iniciada','17:20:27','2013-04-07 00:00:00','rolignu86255',0,'Su1002011'),
('NTNP123985601692','Cerro sesion ','15:51:54','2013-04-22 00:00:00','user36474',1,'Su1003011'),
('NTNP126644433993','Sesion Iniciada','23:33:02','2013-04-10 00:00:00','rolignu86255',0,'Su1002011'),
('NTNP128304265294','Sesion Iniciada','18:09:19','2013-04-18 00:00:00','roli55574',0,'Su1002011'),
('NTNP12950980223','Cerro sesion ','17:19:05','2013-04-23 00:00:00','herberth20698',1,'Su1002011'),
('NTNP12998349399','Cerro sesion ','17:02:33','2013-04-23 00:00:00','herberth20698',1,'Su1002011'),
('NTNP13548667891','Sesion Iniciada','13:40:15','2013-04-18 00:00:00','roli55574',0,'Su1002011'),
('NTNP138939594497','Sesion Iniciada','22:11:04','2013-04-15 00:00:00','herberth20698',0,'Su1002011'),
('NTNP141599426797','Sesion Iniciada','14:19:27','2013-04-12 00:00:00','roli55574',0,'Su1002011'),
('NTNP142393510902','Cerro sesion ','17:13:11','2013-04-23 00:00:00','roli55574',1,'Su1002011'),
('NTNP14691691399','Sesion Iniciada','10:56:30','2013-04-13 00:00:00','roli55574',0,'Su1002011'),
('NTNP147711174504','Sesion Iniciada','14:23:03','2013-05-04 00:00:00','roli55574',0,'Su1002011'),
('NTNP148576922699','Sesion Iniciada','14:53:05','2013-05-06 00:00:00','roli55574',0,'Su1002011'),
('NTNP15016590909','Sesion Iniciada','14:14:10','2013-05-05 00:00:00','roli55574',0,'Su1002011'),
('NTNP15230838106','Sesion Iniciada','14:39:31','2013-05-06 00:00:00','roli55574',0,'Su1002011'),
('NTNP155483754511','Cerro sesion ','22:54:56','2013-05-15 00:00:00','peter55156',1,'Su1003011'),
('NTNP15610812524','Sesion Iniciada','11:29:09','2013-04-07 00:00:00','rolignu86255',0,'Su1002011'),
('NTNP157348503706','Sesion Iniciada','18:31:37','2013-04-23 00:00:00','roli55574',0,'Su1002011'),
('NTNP160800419113','Cerro sesion ','12:40:24','2013-04-25 00:00:00','roli55574',1,'Su1002011'),
('NTNP161595502218','Sesion Iniciada','14:57:55','2013-04-12 00:00:00','roli55574',0,'Su1002011'),
('NTNP162460251413','Sesion Iniciada','13:35:12','2013-04-18 00:00:00','roli55574',0,'Su1002011'),
('NTNP162665168308','Sesion Iniciada','23:28:34','2013-04-10 00:00:00','rolignu86255',0,'Su1002011'),
('NTNP163254335518','Sesion Iniciada','01:18:50','2013-05-03 00:00:00','roli55574',0,'Su1002011'),
('NTNP1643250608','producto agregado Cod:(PU25005663 ) Nombre: cabezales para lavadoras','14:31:15','2013-05-05 00:00:00','roli55574',2,'Su1002011'),
('NTNP16474561719','Sesion Iniciada','17:36:29','2013-05-14 00:00:00','tulio12334',0,'Su1003011'),
('NTNP166913167819','Sesion Iniciada','20:04:45','2013-03-30 00:00:00','herberth71737',0,'Su1003011'),
('NTNP170437747315','Sesion Iniciada','11:02:54','2013-04-13 00:00:00','roli55574',0,'Su1002011'),
('NTNP1726484810','Sesion Iniciada','11:49:26','2013-05-14 00:00:00','roli55574',0,'Su1002011'),
('NTNP17269644824','Cerro sesion ','23:08:23','2013-05-15 00:00:00','roli55574',1,'Su1002011'),
('NTNP17296580616','Sesion Iniciada','18:54:46','2013-05-02 00:00:00','roli55574',0,'Su1002011'),
('NTNP174685747826','Sesion Iniciada','00:00:29','2013-05-03 00:00:00','roli55574',0,'Su1002011'),
('NTNP175755412916','Sesion Iniciada','11:26:41','2013-05-09 00:00:00','roli55574',0,'Su1002011'),
('NTNP177414244217','Sesion Iniciada','11:53:24','2013-04-04 00:00:00','rolignu86255',0,'Su1002011'),
('NTNP178209328322','producto agregado Cod:(PU4563663AD ) Nombre: liquido ','14:33:01','2013-05-05 00:00:00','roli55574',2,'Su1002011'),
('NTNP1793411427','Cerro sesion ','14:42:26','2013-05-09 00:00:00','peter55156',1,'Su1002011'),
('NTNP183527992923','Cerro sesion ','23:03:35','2013-05-15 00:00:00','peter55156',1,'Su1003011'),
('NTNP1843217629','Sesion Iniciada','20:52:51','2013-04-23 00:00:00','roli55574',0,'Su1002011'),
('NTNP186186824225','Sesion Iniciada','17:44:36','2013-05-14 00:00:00','roli55574',0,'Su1002011'),
('NTNP1864728929','Cerro sesion ','17:49:39','2013-04-22 00:00:00','roli55574',1,'Su1002011'),
('NTNP188844656525','Sesion Iniciada','11:28:31','2013-05-14 00:00:00','roli55574',0,'Su1002011'),
('NTNP189639740630','Sesion Iniciada','12:13:27','2013-05-14 00:00:00','roli55574',0,'Su1002011'),
('NTNP192298572930','Sesion Iniciada','23:34:56','2013-04-24 00:00:00','roli55574',0,'Su1002011'),
('NTNP1929365636','Se realizo una venta; En hora de 11:58 a.m.','11:58:33','2013-05-16 00:00:00','herberth20698',2,'Su1002011'),
('NTNP195751488337','Cerro sesion ','23:42:38','2013-04-15 00:00:00','roli55574',1,'Su1002011'),
('NTNP197616237532','Sesion Iniciada','14:25:09','2013-05-04 00:00:00','roli55574',0,'Su1002011'),
('NTNP202728984239','Sesion Iniciada','22:18:38','2013-04-18 00:00:00','roli55574',0,'Su1002011'),
('NTNP202934901134','producto agregado Cod:(PN45663663HGHGH ) Nombre: mangueras lavadoras wirlpool','09:49:57','2013-05-16 00:00:00','roli55574',2,'Su1002011'),
('NTNP204593733434','Sesion Iniciada','17:00:26','2013-04-23 00:00:00','herberth20698',0,'Su1002011'),
('NTNP206182900644','Sesion Iniciada','10:40:16','2013-04-13 00:00:00','roli55574',0,'Su1002011'),
('NTNP20747649840','Cerro sesion ','20:05:54','2013-03-30 00:00:00','herberth71737',1,'Su1003011'),
('NTNP20927477126','Sesion Iniciada','12:46:16','2013-04-04 00:00:00','rolignu86255',0,'Su1002011'),
('NTNP210705481141','Sesion Iniciada','14:28:04','2013-05-09 00:00:00','roli55574',0,'Su1002011'),
('NTNP211500565246','producto Editado... Cod:(PU25005663455 ) Nombre: tornillos 3mm','10:01:22','2013-05-16 00:00:00','roli55574',2,'Su1002011'),
('NTNP212365313441','Sesion Iniciada','11:37:08','2013-04-13 00:00:00','herberth20698',0,'Su1002011'),
('NTNP213159397546','Cerro sesion ','19:14:15','2013-04-06 00:00:00','tulio74640',1,'Su1002011'),
('NTNP21524146742','Sesion Iniciada','21:59:30','2013-05-15 00:00:00','roli55574',0,'Su1002011'),
('NTNP216818229847','Sesion Iniciada','19:09:18','2013-04-08 00:00:00','rolignu86255',0,'Su1002011'),
('NTNP21768397743','Sesion Iniciada','10:25:42','2013-04-13 00:00:00','roli55574',0,'Su1002011'),
('NTNP21847762148','Sesion Iniciada','10:52:04','2013-04-11 00:00:00','herberth20698',0,'Su1002011'),
('NTNP219272145253','Cerro sesion ','17:39:52','2013-04-23 00:00:00','herberth20698',1,'Su1002011'),
('NTNP220342810343','Sesion Iniciada','19:03:05','2013-05-14 00:00:00','roli55574',0,'Su1002011'),
('NTNP221930976554','Cerro sesion ','11:05:50','2013-04-13 00:00:00','roli55574',1,'Su1002011'),
('NTNP226249641155','Sesion Iniciada','10:51:32','2013-04-12 00:00:00','roli55574',0,'Su1002011'),
('NTNP22645455850','Sesion Iniciada','22:01:40','2013-05-08 00:00:00','roli55574',0,'Su1002011'),
('NTNP228114390351','Sesion Iniciada','14:22:12','2013-04-12 00:00:00','roli55574',0,'Su1002011'),
('NTNP231565121','Cerro sesion ','21:47:25','2013-05-12 00:00:00','roli55574',1,'Su1002011'),
('NTNP231567306756','Sesion Iniciada','16:52:18','2013-04-15 00:00:00','roli55574',0,'Su1002011'),
('NTNP231772222651','Sesion Iniciada','14:26:28','2013-05-04 00:00:00','roli55574',0,'Su1002011'),
('NTNP23343255951','Sesion Iniciada','15:25:47','2013-05-04 00:00:00','roli55574',0,'Su1002011'),
('NTNP23381393531','Sesion Iniciada','22:22:45','2013-04-23 00:00:00','roli55574',0,'Su1002011'),
('NTNP23521222162','Cerro sesion ','17:47:45','2013-04-07 00:00:00','rolignu86255',1,'Su1002011'),
('NTNP23767954463','Cerro sesion ','14:36:39','2013-05-05 00:00:00','roli55574',1,'Su1002011'),
('NTNP239544802658','Sesion Iniciada','14:35:56','2013-05-08 00:00:00','roli55574',0,'Su1002011'),
('NTNP240338885763','Cerro sesion ','17:13:11','2013-04-23 00:00:00','roli55574',1,'Su1002011'),
('NTNP246521299560','Sesion Iniciada','11:37:25','2013-05-14 00:00:00','herberth20698',0,'Su1002011'),
('NTNP248110466770','Sesion Iniciada','18:14:50','2013-04-18 00:00:00','roli55574',0,'Su1002011'),
('NTNP25076929872','Cerro sesion ','19:43:17','2013-05-14 00:00:00','roli55574',1,'Su1002011'),
('NTNP250974215966','Sesion Iniciada','20:46:38','2013-04-14 00:00:00','herberth20698',0,'Su1002011'),
('NTNP251839963162','Sesion Iniciada','23:18:05','2013-04-10 00:00:00','rolignu86255',0,'Su1002011'),
('NTNP253428131372','Sesion Iniciada','17:42:44','2013-05-14 00:00:00','roli55574',0,'Su1002011'),
('NTNP25587962672','Cerro sesion ','18:13:57','2013-04-09 00:00:00','rolignu86255',1,'Su1002011'),
('NTNP258746794973','Sesion Iniciada','19:58:27','2013-03-30 00:00:00','rolignu86255',0,'Su1002011'),
('NTNP260405627274','Sesion Iniciada','00:59:43','2013-05-03 00:00:00','roli55574',0,'Su1002011'),
('NTNP2641225831','Sesion Iniciada','21:43:10','2013-05-12 00:00:00','roli55574',0,'Su1002011'),
('NTNP264858543680','Sesion Iniciada','17:13:50','2013-04-23 00:00:00','roli55574',0,'Su1002011'),
('NTNP265723292875','Cerro sesion ','17:25:38','2013-05-14 00:00:00','tulio12334',1,'Su1003011'),
('NTNP266517375980','Sesion Iniciada','19:57:36','2013-04-06 00:00:00','rolignu86255',0,'Su1002011'),
('NTNP27042955477','Sesion Iniciada','14:21:24','2013-05-05 00:00:00','roli55574',0,'Su1002011'),
('NTNP273700788777','Sesion Iniciada','14:57:12','2013-05-06 00:00:00','roli55574',0,'Su1002011'),
('NTNP276154704183','Sesion Iniciada','17:16:42','2013-04-23 00:00:00','user36474',0,'Su1003011'),
('NTNP2790597328','Sesion Iniciada','12:58:46','2013-04-18 00:00:00','roli55574',0,'Su1002011'),
('NTNP279812536484','Cerro sesion ','18:22:20','2013-05-14 00:00:00','roli55574',1,'Su1002011'),
('NTNP280677285679','Cerro sesion ','11:29:06','2013-04-04 00:00:00','rolignu86255',1,'Su1002011'),
('NTNP282266452889','Cerro sesion ','17:14:20','2013-05-14 00:00:00','roli55574',1,'Su1002011'),
('NTNP283337117980','Sesion Iniciada','16:38:34','2013-04-07 00:00:00','rolignu86255',0,'Su1002011'),
('NTNP2869957133','Sesion Iniciada','14:23:17','2013-05-05 00:00:00','roli55574',0,'Su1002011'),
('NTNP287584116491','Sesion Iniciada','20:02:19','2013-04-14 00:00:00','herberth20698',0,'Su1002011'),
('NTNP289243948791','Sesion Iniciada','23:19:10','2013-04-24 00:00:00','roli55574',0,'Su1002011'),
('NTNP291108697987','Cerro sesion ','17:10:04','2013-05-14 00:00:00','tulio12334',1,'Su1002011'),
('NTNP29290278093','Sesion Iniciada','19:27:14','2013-05-06 00:00:00','roli55574',0,'Su1002011'),
('NTNP293696864198','producto Editado... Cod:(PN4555 ) Nombre: prueba','15:39:41','2013-04-22 00:00:00','roli55574',2,'Su1002011'),
('NTNP29494141238','Sesion Iniciada','23:29:09','2013-04-24 00:00:00','roli55574',0,'Su1002011'),
('NTNP296426361588','Sesion Iniciada','23:36:09','2013-04-15 00:00:00','roli55574',0,'Su1002011'),
('NTNP297221445694','Sesion Iniciada','11:31:11','2013-04-07 00:00:00','rolignu86255',0,'Su1002011'),
('NTNP29985194889','Cerro sesion ','21:40:32','2013-05-13 00:00:00','roli55574',1,'Su1002011'),
('NTNP30564805328','Sesion Iniciada','11:21:23','2013-05-14 00:00:00','roli55574',0,'Su1002011'),
('NTNP31153972538','Cerro sesion ','16:48:55','2013-04-07 00:00:00','rolignu86255',1,'Su1003011'),
('NTNP315628354903','Se realizo una venta; En hora de 15:26','15:26:39','2013-05-04 00:00:00','roli55574',2,'Su1002011'),
('NTNP32094619505','Cerro sesion ','12:02:30','2013-05-14 00:00:00','roli55574',1,'Su1002011'),
('NTNP321740102610','Cerro sesion ','17:14:42','2013-05-14 00:00:00','tulio12334',1,'Su1003011'),
('NTNP323400933910','Sesion Iniciada','11:57:51','2013-05-14 00:00:00','roli55574',0,'Su1002011'),
('NTNP3241941816','Sesion Iniciada','16:49:53','2013-05-04 00:00:00','roli55574',0,'Su1002011'),
('NTNP325264682107','Sesion Iniciada','17:23:54','2013-04-07 00:00:00','rolignu86255',0,'Su1002011'),
('NTNP328717598512','Sesion Iniciada','15:16:02','2013-04-17 00:00:00','roli55574',0,'Su1002011'),
('NTNP328923515407','Sesion Iniciada','21:06:16','2013-05-12 00:00:00','peter55156',0,'Su1002011'),
('NTNP332171514917','Sesion Iniciada','23:00:35','2013-04-24 00:00:00','roli55574',0,'Su1002011'),
('NTNP33336263114','producto agregado Cod:(897345 ) Nombre: faja lavadora general electric','08:35:52','2013-04-23 00:00:00','herberth20698',2,'Su1002011'),
('NTNP334830346219','Cerro sesion ','17:17:24','2013-04-23 00:00:00','user36474',1,'Su1003011'),
('NTNP337489179519','Sesion Iniciada','10:48:31','2013-04-13 00:00:00','roli55574',0,'Su1002011'),
('NTNP338284262624','Producto PN2663636 Ha sido eliminado de la lista ','15:14:40','2013-05-04 00:00:00','roli55574',5,'Su1002011'),
('NTNP34094295925','Sesion Iniciada','18:28:23','2013-05-14 00:00:00','roli55574',0,'Su1002011'),
('NTNP3411375916','Sesion Iniciada','14:53:50','2013-05-04 00:00:00','roli55574',0,'Su1002011'),
('NTNP343672591316','Sesion Iniciada','15:29:09','2013-04-17 00:00:00','roli55574',0,'Su1002011'),
('NTNP347126507722','Sesion Iniciada','11:22:17','2013-05-27 00:00:00','marco74637',0,'Su1003011'),
('NTNP34811805839','Sesion Iniciada','10:36:41','2013-04-11 00:00:00','herberth71737',0,'Su1003011'),
('NTNP350579423128','Sesion Iniciada','23:21:40','2013-04-23 00:00:00','roli55574',0,'Su1002011'),
('NTNP352238255429','Sesion Iniciada','15:18:44','2013-04-23 00:00:00','roli55574',0,'Su1002011'),
('NTNP35333339534','Sesion Iniciada','23:33:51','2013-04-15 00:00:00','roli55574',0,'Su1002011'),
('NTNP3541034624','Cerro sesion ','22:51:11','2013-05-15 00:00:00','roli55574',1,'Su1002011'),
('NTNP35755691930','Cerro sesion ','03:53:29','2013-05-16 00:00:00','tulio12334',1,'Su1003011'),
('NTNP360215751331','Cerro sesion ','21:07:26','2013-05-12 00:00:00','peter55156',1,'Su1002011'),
('NTNP362874584631','Sesion Iniciada','19:14:51','2013-05-06 00:00:00','roli55574',0,'Su1002011'),
('NTNP365533416931','Sesion Iniciada','12:09:08','2013-04-07 00:00:00','rolignu86255',0,'Su1002011'),
('NTNP3667655435','producto agregado Cod:(PU1001056663 ) Nombre: ventiladores 12v','18:02:15','2013-05-15 00:00:00','tulio12334',2,'Su1003011'),
('NTNP367192249233','Sesion Iniciada','15:20:24','2013-04-22 00:00:00','roli55574',0,'Su1002011'),
('NTNP37085181533','Cerro sesion ','15:31:00','2013-04-23 00:00:00','roli55574',1,'Su1002011'),
('NTNP371645164638','Cerro sesion ','11:45:17','2013-05-14 00:00:00','roli55574',1,'Su1002011'),
('NTNP372440248743','Sesion Iniciada','18:18:45','2013-05-14 00:00:00','roli55574',0,'Su1002011'),
('NTNP372510912834','Cerro sesion ','20:24:16','2013-04-17 00:00:00','roli55574',1,'Su1002011'),
('NTNP376963828240','Sesion Iniciada','17:15:20','2013-05-14 00:00:00','roli55574',0,'Su1002011'),
('NTNP379417744645','Cerro sesion ','21:05:46','2013-05-12 00:00:00','roli55574',1,'Su1002011'),
('NTNP38276576946','Cerro sesion ','19:08:23','2013-05-14 00:00:00','roli55574',1,'Su1002011'),
('NTNP38336386335','Sesion Iniciada','10:56:14','2013-05-04 00:00:00','roli55574',0,'Su1002011'),
('NTNP384735409247','Sesion Iniciada','12:02:41','2013-04-07 00:00:00','rolignu86255',0,'Su1002011'),
('NTNP387189325652','Sesion Iniciada','15:40:45','2013-04-13 00:00:00','herberth20698',0,'Su1002011'),
('NTNP387394241547','Cerro sesion ','17:16:28','2013-04-23 00:00:00','herberth20698',1,'Su1002011'),
('NTNP388259989743','Cerro sesion ','17:15:12','2013-04-23 00:00:00','roli55574',1,'Su1002011'),
('NTNP392712905149','Cerro sesion ','09:43:14','2013-05-16 00:00:00','roli55574',1,'Su1002011'),
('NTNP395166821555','Sesion Iniciada','17:16:12','2013-04-12 00:00:00','roli55574',0,'Su1002011'),
('NTNP39631569750','Sesion Iniciada','20:53:13','2013-05-13 00:00:00','roli55574',0,'Su1002011'),
('NTNP397824653855','Sesion Iniciada','14:37:04','2013-05-05 00:00:00','tulio12334',0,'Su1002011'),
('NTNP401278569261','Sesion Iniciada','12:18:00','2013-04-07 00:00:00','rolignu86255',0,'Su1002011'),
('NTNP401348234352','Sesion Iniciada','14:40:16','2013-05-08 00:00:00','roli55574',0,'Su1002011'),
('NTNP402143318457','Cerro sesion ','00:05:58','2013-04-04 00:00:00','rolignu86255',1,'Su1002011'),
('NTNP404867652','Sesion Iniciada','22:51:21','2013-04-03 00:00:00','herberth71737',0,'Su1003011'),
('NTNP40746198158','Sesion Iniciada','17:12:44','2013-04-07 00:00:00','rolignu86255',0,'Su1002011'),
('NTNP40825566163','Sesion Iniciada','21:20:12','2013-05-08 00:00:00','mario10107',0,'Su1002011'),
('NTNP411914897464','Sesion Iniciada','19:29:53','2013-03-30 00:00:00','rolignu86255',0,'Su1002011'),
('NTNP412779646659','Sesion Iniciada','10:54:46','2013-04-16 00:00:00','roli55574',0,'Su1002011'),
('NTNP413573730764','Producto PU456699 Ha sido eliminado de la lista ','17:14:36','2013-05-14 00:00:00','tulio12334',5,'Su1003011'),
('NTNP414368813869','Sesion Iniciada','14:28:26','2013-04-22 00:00:00','roli55574',0,'Su1002011'),
('NTNP41623256266','Sesion Iniciada','15:45:01','2013-04-22 00:00:00','herberth20698',0,'Su1002011'),
('NTNP41627645171','Cerro sesion ','19:23:17','2013-04-06 00:00:00','tulio74640',1,'Su1002011'),
('NTNP4180400216','Sesion Iniciada','14:22:40','2013-04-23 00:00:00','roli55574',0,'Su1002011'),
('NTNP418891394366','Sesion Iniciada','15:46:28','2013-05-04 00:00:00','roli55574',0,'Su1002011'),
('NTNP419685478471','Sesion Iniciada','17:48:44','2013-04-22 00:00:00','roli55574',0,'Su1002011'),
('NTNP41994218636','Sesion Iniciada','19:08:19','2013-05-06 00:00:00','roli55574',0,'Su1002011'),
('NTNP421550227666','Cerro sesion ','20:49:09','2013-04-23 00:00:00','roli55574',1,'Su1002011'),
('NTNP42583385846','Cerro sesion ','01:15:16','2013-05-03 00:00:00','roli55574',1,'Su1002011'),
('NTNP426868890268','Sesion Iniciada','13:41:52','2013-04-13 00:00:00','herberth20698',0,'Su1002011'),
('NTNP428527723568','Sesion Iniciada','11:47:57','2013-05-14 00:00:00','roli55574',0,'Su1002011'),
('NTNP429322806674','Sesion Iniciada','13:00:48','2013-04-18 00:00:00','roli55574',0,'Su1002011'),
('NTNP430117890779','Sesion Iniciada','23:40:10','2013-04-24 00:00:00','roli55574',0,'Su1002011'),
('NTNP431187555869','Cerro sesion ','12:07:29','2013-05-14 00:00:00','herberth20698',1,'Su1002011'),
('NTNP431980639974','Sesion Iniciada','14:17:46','2013-05-08 00:00:00','roli55574',0,'Su1002011'),
('NTNP43277572280','Sesion Iniciada','18:11:17','2013-04-11 00:00:00','roli55574',0,'Su1002011'),
('NTNP433845388170','Sesion Iniciada','15:45:45','2013-04-15 00:00:00','roli55574',0,'Su1002011'),
('NTNP434640471275','Cerro sesion ','17:14:17','2013-05-14 00:00:00','roli55574',1,'Su1002011'),
('NTNP435434554380','Cerro sesion ','21:27:53','2013-05-12 00:00:00','roli55574',1,'Su1002011'),
('NTNP436299303576','Sesion Iniciada','11:55:53','2013-05-14 00:00:00','roli55574',0,'Su1002011'),
('NTNP43794387681','Se realizo una venta; En hora de 22:18','22:18:56','2013-04-18 00:00:00','roli55574',2,'Su1002011'),
('NTNP439958136876','Cerro sesion ','17:36:12','2013-05-02 00:00:00','roli55574',1,'Su1002011'),
('NTNP440752219981','Sesion Iniciada','14:37:13','2013-05-04 00:00:00','roli55574',0,'Su1002011'),
('NTNP44241152282','Sesion Iniciada','14:04:40','2013-05-05 00:00:00','roli55574',0,'Su1002011'),
('NTNP443206135387','Se realizo una venta; En hora de 15:19','15:19:58','2013-05-04 00:00:00','roli55574',2,'Su1002011'),
('NTNP444276799478','Sesion Iniciada','13:58:43','2013-04-12 00:00:00','roli55574',0,'Su1002011'),
('NTNP4444813442','Sesion Iniciada','17:43:18','2013-05-14 00:00:00','tulio12334',0,'Su1003011'),
('NTNP44571883583','Sesion Iniciada','15:37:10','2013-05-04 00:00:00','roli55574',0,'Su1002011'),
('NTNP446935632778','Cerro sesion ','18:12:04','2013-04-11 00:00:00','roli55574',1,'Su1002011'),
('NTNP44959446480','Sesion Iniciada','20:08:07','2013-05-02 00:00:00','roli55574',0,'Su1002011'),
('NTNP450183631290','Producto PN2222 Ha sido eliminado de la lista ','19:48:00','2013-03-30 00:00:00','rolignu86255',5,'Su1002011'),
('NTNP45243218147','Sesion Iniciada','23:02:35','2013-05-05 00:00:00','roli55574',0,'Su1002011'),
('NTNP45248380485','Sesion Iniciada','18:35:07','2013-04-23 00:00:00','roli55574',0,'Su1002011'),
('NTNP455501296890','Sesion Iniciada','15:19:51','2013-04-17 00:00:00','roli55574',0,'Su1002011'),
('NTNP455706212785','Sesion Iniciada','14:25:08','2013-04-18 00:00:00','roli55574',0,'Su1002011'),
('NTNP458160128192','Sesion Iniciada','22:40:35','2013-05-08 00:00:00','roli55574',0,'Su1002011'),
('NTNP460819960492','Sesion Iniciada','16:29:05','2013-04-07 00:00:00','rolignu86255',0,'Su1002011'),
('NTNP462684708687','Sesion Iniciada','11:52:41','2013-05-14 00:00:00','roli55574',0,'Su1002011'),
('NTNP468796457394','Cerro sesion ','17:14:14','2013-04-23 00:00:00','roli55574',1,'Su1002011'),
('NTNP469590540499','Sesion Iniciada','19:49:03','2013-05-14 00:00:00','roli55574',0,'Su1002011'),
('NTNP471250372800','Sesion Iniciada','23:13:04','2013-05-05 00:00:00','roli55574',0,'Su1002011'),
('NTNP474703288206','Sesion Iniciada','18:16:16','2013-05-14 00:00:00','roli55574',0,'Su1002011'),
('NTNP477362121506','Sesion Iniciada','14:06:56','2013-04-18 00:00:00','roli55574',0,'Su1002011'),
('NTNP478432785597','Sesion Iniciada','11:03:25','2013-04-11 00:00:00','tulio12334',0,'Su1002011'),
('NTNP4790150447','Sesion Iniciada','10:50:29','2013-04-13 00:00:00','roli55574',0,'Su1002011'),
('NTNP479227869702','Cerro sesion ','23:40:20','2013-04-24 00:00:00','roli55574',1,'Su1002011'),
('NTNP4818857013','Sesion Iniciada','19:22:38','2013-04-06 00:00:00','tulio74640',0,'Su1002011'),
('NTNP487998449709','Sesion Iniciada','18:17:23','2013-04-11 00:00:00','roli55574',0,'Su1002011'),
('NTNP48965728110','Sesion Iniciada','23:11:11','2013-05-15 00:00:00','roli55574',0,'Su1002011'),
('NTNP494181862506','Sesion Iniciada','00:09:03','2013-04-04 00:00:00','rolignu86255',0,'Su1002011'),
('NTNP494975945611','Sesion Iniciada','19:39:26','2013-03-30 00:00:00','rolignu86255',0,'Su1002011'),
('NTNP49576930716','Sesion Iniciada','15:24:41','2013-04-22 00:00:00','roli55574',0,'Su1002011'),
('NTNP49842986117','Sesion Iniciada','13:49:13','2013-05-05 00:00:00','roli55574',0,'Su1002011'),
('NTNP50088693318','Cerro sesion ','12:46:42','2013-04-04 00:00:00','rolignu86255',1,'Su1002011'),
('NTNP503747526618','Sesion Iniciada','10:47:06','2013-05-11 00:00:00','roli55574',0,'Su1002011'),
('NTNP505406358919','Sesion Iniciada','14:43:04','2013-05-09 00:00:00','roli55574',0,'Su1002011'),
('NTNP50865190220','Sesion Iniciada','14:44:12','2013-05-08 00:00:00','roli55574',0,'Su1002011'),
('NTNP511518106625','Sesion Iniciada','23:18:46','2013-04-24 00:00:00','peter55156',0,'Su1002011'),
('NTNP513383854821','Sesion Iniciada','14:47:22','2013-04-12 00:00:00','roli55574',0,'Su1002011'),
('NTNP51425630943','Sesion Iniciada','22:44:43','2013-04-08 00:00:00','rolignu86255',0,'Su1002011'),
('NTNP51543687122','producto agregado Cod:(PNKS100 ) Nombre: Vntiladores especiales','15:51:45','2013-04-22 00:00:00','user36474',2,'Su1003011'),
('NTNP517631854332','Sesion Iniciada','17:26:31','2013-05-14 00:00:00','tulio12334',0,'Su1003011'),
('NTNP518701519422','Sesion Iniciada','19:50:17','2013-04-06 00:00:00','rolignu86255',0,'Su1002011'),
('NTNP519290686632','Sesion Iniciada','14:03:54','2013-05-09 00:00:00','roli55574',0,'Su1002011'),
('NTNP520360351723','Cerro sesion ','10:58:36','2013-04-11 00:00:00','roli55574',1,'Su1002011'),
('NTNP521155435828','Cerro sesion ','22:26:04','2013-05-06 00:00:00','roli55574',1,'Su1002011'),
('NTNP5232018424','Cerro sesion ','22:25:45','2013-05-08 00:00:00','roli55574',1,'Su1002011'),
('NTNP524608351234','Sesion Iniciada','14:18:15','2013-04-23 00:00:00','roli55574',0,'Su1002011'),
('NTNP52647399430','Sesion Iniciada','21:56:00','2013-05-08 00:00:00','roli55574',0,'Su1002011'),
('NTNP527267183535','Cerro sesion ','20:49:08','2013-04-23 00:00:00','roli55574',1,'Su1002011'),
('NTNP528132931730','Sesion Iniciada','15:15:21','2013-04-23 00:00:00','roli55574',0,'Su1002011'),
('NTNP52992615835','Cerro sesion ','11:43:58','2013-05-14 00:00:00','roli55574',1,'Su1002011'),
('NTNP538697595842','producto Editado... Cod:(TYU0120324 ) Nombre: VENTILADOR DE 1/2','15:37:46','2013-04-22 00:00:00','roli55574',2,'Su1002011'),
('NTNP538768260932','Sesion Iniciada','09:42:04','2013-05-16 00:00:00','roli55574',0,'Su1002011'),
('NTNP54216260444','Cerro sesion ','17:58:28','2013-05-14 00:00:00','tulio12334',1,'Su1003011'),
('NTNP542222176339','Sesion Iniciada','18:21:31','2013-05-14 00:00:00','roli55574',0,'Su1002011'),
('NTNP54567492744','Sesion Iniciada','15:09:20','2013-05-04 00:00:00','roli55574',0,'Su1002011'),
('NTNP5481288151','Sesion Iniciada','23:06:16','2013-04-24 00:00:00','roli55574',0,'Su1002011'),
('NTNP5485463245','Sesion Iniciada','20:04:04','2013-05-15 00:00:00','roli55574',0,'Su1002011'),
('NTNP551787839451','Sesion Iniciada','22:38:31','2013-05-15 00:00:00','roli55574',0,'Su1002011'),
('NTNP552652588646','Sesion Iniciada','11:48:01','2013-05-04 00:00:00','roli55574',0,'Su1002011'),
('NTNP552857505541','Cerro sesion ','12:10:32','2013-05-14 00:00:00','roli55574',1,'Su1002011'),
('NTNP553446672751','Se realizo una venta; En hora de 09:04 p.m.','21:04:39','2013-05-12 00:00:00','roli55574',2,'Su1002011'),
('NTNP55610650453','Sesion Iniciada','16:33:01','2013-04-07 00:00:00','rolignu86255',0,'Su1002011'),
('NTNP55673629455','Sesion Iniciada','22:15:15','2013-04-18 00:00:00','roli55574',0,'Su1002011'),
('NTNP557969253248','Se realizo una venta; En hora de 14:28','14:28:43','2013-05-04 00:00:00','roli55574',2,'Su1002011'),
('NTNP56062985548','Sesion Iniciada','21:00:31','2013-05-08 00:00:00','roli55574',0,'Su1002011'),
('NTNP562288917849','Sesion Iniciada','17:35:07','2013-05-02 00:00:00','roli55574',0,'Su1002011'),
('NTNP563831954','Cerro sesion ','21:40:51','2013-05-12 00:00:00','roli55574',1,'Su1002011'),
('NTNP565947749150','Sesion Iniciada','12:07:51','2013-05-14 00:00:00','roli55574',0,'Su1002011'),
('NTNP566741832255','Sesion Iniciada','21:02:27','2013-05-08 00:00:00','roli55574',0,'Su1002011'),
('NTNP56743295545','Cerro sesion ','11:23:31','2013-05-27 00:00:00','marco74637',1,'Su1003011'),
('NTNP567536916360','Cerro sesion ','14:09:35','2013-05-14 00:00:00','roli55574',1,'Su1002011'),
('NTNP569195748661','Sesion Iniciada','20:51:06','2013-04-23 00:00:00','roli55574',0,'Su1002011'),
('NTNP57537378650','Sesion Iniciada','13:25:21','2013-04-11 00:00:00','roli55574',0,'Su1002011'),
('NTNP576378162458','Sesion Iniciada','22:15:30','2013-05-08 00:00:00','roli55574',0,'Su1002011'),
('NTNP577172245563','Sesion Iniciada','17:08:43','2013-04-12 00:00:00','roli55574',0,'Su1002011'),
('NTNP577966329668','Sesion Iniciada','15:00:08','2013-04-17 00:00:00','roli55574',0,'Su1002011'),
('NTNP58169582660','Sesion Iniciada','18:48:20','2013-04-12 00:00:00','roli55574',0,'Su1002011'),
('NTNP582285992270','Sesion Iniciada','11:47:38','2013-04-07 00:00:00','rolignu86255',0,'Su1002011'),
('NTNP582490909165','Sesion Iniciada','19:33:56','2013-05-02 00:00:00','roli55574',0,'Su1002011'),
('NTNP58332462755','Sesion Iniciada','17:38:21','2013-04-12 00:00:00','roli55574',0,'Su1002011'),
('NTNP583355658360','Sesion Iniciada','13:54:32','2013-05-09 00:00:00','roli55574',0,'Su1002011'),
('NTNP584149741465','Sesion Iniciada','10:57:22','2013-04-11 00:00:00','roli55574',0,'Su1002011'),
('NTNP586808574765','Sesion Iniciada','12:09:00','2013-05-14 00:00:00','roli55574',0,'Su1002011'),
('NTNP587602657870','Cerro sesion ','20:51:34','2013-04-23 00:00:00','roli55574',1,'Su1002011'),
('NTNP58946740667','Sesion Iniciada','12:07:19','2013-05-14 00:00:00','herberth20698',0,'Su1002011'),
('NTNP590262490172','Sesion Iniciada','22:26:16','2013-04-15 00:00:00','roli55574',0,'Su1002011'),
('NTNP591127238367','Sesion Iniciada','20:03:56','2013-04-06 00:00:00','rolignu86255',0,'Su1002011'),
('NTNP59402127845','Se realizo una venta; En hora de 19:10','19:10:36','2013-05-06 00:00:00','roli55574',2,'Su1002011'),
('NTNP59478571667','Sesion Iniciada','18:12:45','2013-04-09 00:00:00','rolignu86255',0,'Su1002011'),
('NTNP596374238877','Sesion Iniciada','19:47:40','2013-03-30 00:00:00','rolignu86255',0,'Su1002011'),
('NTNP5973484321','Sesion Iniciada','11:13:22','2013-04-16 00:00:00','roli55574',0,'Su1002011'),
('NTNP600897818374','Cerro sesion ','15:51:45','2013-05-16 00:00:00','roli55574',1,'Su1002011'),
('NTNP60197211950','producto agregado Cod:(PN2663636 ) Nombre: paquete de tornillos','19:59:58','2013-03-30 00:00:00','rolignu86255',2,'Su1002011'),
('NTNP602557650675','Cerro sesion ','18:05:03','2013-05-15 00:00:00','tulio12334',1,'Su1003011'),
('NTNP605216483975','producto agregado Cod:(PU1001056663669336 ) Nombre: fajas lavadora generica','18:02:49','2013-05-15 00:00:00','tulio12334',2,'Su1003011'),
('NTNP6061156681','Sesion Iniciada','20:07:33','2013-04-06 00:00:00','rolignu86255',0,'Su1002011'),
('NTNP606804650186','Cerro sesion ','12:01:08','2013-04-04 00:00:00','rolignu86255',1,'Su1002011'),
('NTNP608669399381','Cerro sesion ','22:44:54','2013-04-08 00:00:00','rolignu86255',1,'Su1002011'),
('NTNP6099029456','Se realizo una venta; En hora de 05:29 p.m.','17:29:53','2013-04-23 00:00:00','roli55574',2,'Su1002011'),
('NTNP611123314787','Se realizo una venta; En hora de 10:41 a.m.','10:41:54','2013-05-16 00:00:00','roli55574',2,'Su1002011'),
('NTNP611328231682','Sesion Iniciada','15:03:20','2013-05-08 00:00:00','roli55574',0,'Su1002011'),
('NTNP616646895283','Cerro sesion ','17:35:36','2013-04-23 00:00:00','roli55574',1,'Su1002011'),
('NTNP618306727584','Sesion Iniciada','21:48:38','2013-04-15 00:00:00','herberth20698',0,'Su1002011'),
('NTNP621964559884','Cerro sesion ','23:42:31','2013-04-15 00:00:00','roli55574',1,'Su1002011'),
('NTNP62255372695','Sesion Iniciada','23:39:00','2013-04-10 00:00:00','rolignu86255',0,'Su1002011'),
('NTNP624418475291','Sesion Iniciada','17:16:44','2013-05-14 00:00:00','tulio12334',0,'Su1003011'),
('NTNP62677308591','Se realizo una venta; En hora de 11:18 a.m.','11:18:12','2013-05-11 00:00:00','roli55574',2,'Su1002011'),
('NTNP6285543252','Cerro sesion ','14:23:14','2013-04-23 00:00:00','roli55574',1,'Su1002011'),
('NTNP62894156786','Sesion Iniciada','19:40:18','2013-05-02 00:00:00','roli55574',0,'Su1002011'),
('NTNP629736140891','Se realizo una venta; En hora de 11:56 a.m.','11:56:26','2013-05-16 00:00:00','herberth20698',2,'Su1002011'),
('NTNP630530223996','Sesion Iniciada','22:56:16','2013-05-09 00:00:00','roli55574',0,'Su1002011'),
('NTNP631395971193','Sesion Iniciada','17:19:03','2013-04-23 00:00:00','herberth20698',0,'Su1002011'),
('NTNP63219056298','Sesion Iniciada','08:33:30','2013-04-23 00:00:00','herberth20698',0,'Su1002011'),
('NTNP63454804493','Producto PN4555 Ha sido eliminado de la lista ','14:36:05','2013-05-05 00:00:00','roli55574',5,'Su1002011'),
('NTNP636713636794','Cerro sesion ','17:16:12','2013-05-14 00:00:00','tulio12334',1,'Su1002011'),
('NTNP637507719899','Sesion Iniciada','20:01:58','2013-04-06 00:00:00','rolignu86255',0,'Su1002011'),
('NTNP642825384500','producto Editado... Cod:(PU20054 ) Nombre: ventilador 115/100','15:36:11','2013-04-22 00:00:00','roli55574',2,'Su1002011'),
('NTNP645279300906','Se realizo una venta; En hora de 22:19','22:19:23','2013-04-18 00:00:00','roli55574',2,'Su1002011'),
('NTNP645485217801','Sesion Iniciada','18:05:11','2013-05-15 00:00:00','roli55574',0,'Su1002011'),
('NTNP648937132207','Sesion Iniciada','10:41:49','2013-04-12 00:00:00','roli55574',0,'Su1002011'),
('NTNP650597964507','producto agregado Cod:(023452 ) Nombre: faja lavadora whirpool','08:35:32','2013-04-23 00:00:00','herberth20698',2,'Su1002011'),
('NTNP650802880402','Cerro sesion ','23:18:59','2013-04-24 00:00:00','peter55156',1,'Su1002011'),
('NTNP652462713703','Cerro sesion ','21:43:42','2013-05-12 00:00:00','roli55574',1,'Su1002011'),
('NTNP65309958657','Sesion Iniciada','21:45:12','2013-04-18 00:00:00','roli55574',0,'Su1002011'),
('NTNP653256796808','Se realizo una venta; En hora de 05:24 p.m.','17:24:38','2013-05-14 00:00:00','roli55574',2,'Su1002011'),
('NTNP6551215454','Sesion Iniciada','11:22:39','2013-05-16 00:00:00','roli55574',0,'Su1002011'),
('NTNP65515874552','Sesion Iniciada','17:43:53','2013-04-22 00:00:00','user36474',0,'Su1003011'),
('NTNP655915629109','Sesion Iniciada','14:22:56','2013-04-18 00:00:00','roli55574',0,'Su1002011'),
('NTNP656709712214','Sesion Iniciada','22:25:43','2013-05-08 00:00:00','roli55574',0,'Su1002011'),
('NTNP659369544515','Sesion Iniciada','14:55:22','2013-05-08 00:00:00','roli55574',0,'Su1002011'),
('NTNP660233293710','Sesion Iniciada','19:20:54','2013-04-06 00:00:00','tulio74640',0,'Su1002011'),
('NTNP66128377815','Cerro sesion ','14:36:42','2013-05-05 00:00:00','roli55574',1,'Su1002011'),
('NTNP66389212611','Sesion Iniciada','23:37:23','2013-04-10 00:00:00','rolignu86255',0,'Su1002011'),
('NTNP665551957312','Sesion Iniciada','22:23:59','2013-05-08 00:00:00','roli55574',0,'Su1002011'),
('NTNP667140125522','Sesion Iniciada','16:01:37','2013-04-16 00:00:00','roli55574',0,'Su1002011'),
('NTNP668211789612','Se realizo una venta; En hora de 14:55','14:55:32','2013-05-04 00:00:00','roli55574',2,'Su1002011'),
('NTNP67174707852','Sesion Iniciada','11:41:51','2013-04-25 00:00:00','roli55574',0,'Su1002011'),
('NTNP674323538319','Sesion Iniciada','13:42:36','2013-04-18 00:00:00','roli55574',0,'Su1002011'),
('NTNP676981370619','Cerro sesion ','14:20:03','2013-04-23 00:00:00','roli55574',1,'Su1002011'),
('NTNP679641202920','Cerro sesion ','00:04:16','2013-04-04 00:00:00','rolignu86255',1,'Su1002011'),
('NTNP68130035221','Sesion Iniciada','11:21:00','2013-05-04 00:00:00','roli55574',0,'Su1002011'),
('NTNP686618698822','Sesion Iniciada','12:08:43','2013-05-14 00:00:00','herberth20698',0,'Su1002011'),
('NTNP68820786533','Sesion Iniciada','17:40:30','2013-04-22 00:00:00','roli55574',0,'Su1002011'),
('NTNP68972614228','Sesion Iniciada','15:18:15','2013-04-17 00:00:00','roli55574',0,'Su1002011'),
('NTNP693525530634','Sesion Iniciada','15:50:12','2013-05-16 00:00:00','roli55574',0,'Su1002011'),
('NTNP695184362934','Sesion Iniciada','17:56:57','2013-04-11 00:00:00','roli55574',0,'Su1002011'),
('NTNP69697844640','Cerro sesion ','20:04:23','2013-03-30 00:00:00','rolignu86255',1,'Su1002011'),
('NTNP69749111130','Sesion Iniciada','12:00:44','2013-04-07 00:00:00','rolignu86255',0,'Su1002011'),
('NTNP698637278340','Cerro sesion ','23:17:37','2013-04-24 00:00:00','roli55574',1,'Su1002011'),
('NTNP698842195235','Sesion Iniciada','12:01:55','2013-05-16 00:00:00','roli55574',0,'Su1002011'),
('NTNP699707943431','Se realizo una venta; En hora de 11:22 a.m.','11:22:58','2013-05-14 00:00:00','roli55574',2,'Su1002011'),
('NTNP702367775731','Sesion Iniciada','21:18:34','2013-05-08 00:00:00','roli55574',0,'Su1002011'),
('NTNP703161858836','Sesion Iniciada','14:17:42','2013-04-23 00:00:00','roli55574',0,'Su1002011'),
('NTNP70627623259','Sesion Iniciada','17:02:14','2013-04-12 00:00:00','roli55574',0,'Su1002011'),
('NTNP706614774242','Sesion Iniciada','16:30:35','2013-04-07 00:00:00','rolignu86255',0,'Su1002011'),
('NTNP708274607543','Sesion Iniciada','19:43:22','2013-04-06 00:00:00','rolignu86255',0,'Su1002011'),
('NTNP70832539154','Cerro sesion ','16:59:58','2013-05-14 00:00:00','tulio12334',1,'Su1002011'),
('NTNP708479523438','Sesion Iniciada','19:32:27','2013-03-30 00:00:00','rolignu86255',0,'Su1002011'),
('NTNP710138356738','Cerro sesion ','12:08:47','2013-05-14 00:00:00','herberth20698',1,'Su1002011'),
('NTNP711932439843','producto agregado Cod:(PU5663663455 ) Nombre: Motor para refligeradora frigilux','14:34:03','2013-05-05 00:00:00','roli55574',2,'Su1002011'),
('NTNP712727522948','Sesion Iniciada','17:22:16','2013-04-07 00:00:00','rolignu86255',0,'Su1002011'),
('NTNP71379718840','Sesion Iniciada','11:38:40','2013-04-04 00:00:00','rolignu86255',0,'Su1002011'),
('NTNP714386355250','Sesion Iniciada','15:26:26','2013-04-23 00:00:00','roli55574',0,'Su1002011'),
('NTNP71545620340','Sesion Iniciada','01:15:56','2013-05-03 00:00:00','roli55574',0,'Su1002011'),
('NTNP71745187550','Sesion Iniciada','01:09:51','2013-05-03 00:00:00','roli55574',0,'Su1002011'),
('NTNP718909935745','Sesion Iniciada','19:12:01','2013-05-05 00:00:00','roli55574',0,'Su1002011'),
('NTNP71970420850','Sesion Iniciada','12:19:42','2013-04-18 00:00:00','roli55574',0,'Su1002011'),
('NTNP72422683452','Sesion Iniciada','14:16:43','2013-04-12 00:00:00','roli55574',0,'Su1002011'),
('NTNP725816767557','Sesion Iniciada','11:43:54','2013-05-14 00:00:00','roli55574',0,'Su1002011'),
('NTNP727681516752','Sesion Iniciada','17:42:37','2013-04-07 00:00:00','rolignu86255',0,'Su1002011'),
('NTNP728475599857','Cerro sesion ','13:09:28','2013-05-14 00:00:00','roli55574',1,'Su1002011'),
('NTNP728546265948','Sesion Iniciada','23:13:31','2013-04-10 00:00:00','rolignu86255',0,'Su1002011'),
('NTNP72934034854','Sesion Iniciada','21:05:49','2013-05-08 00:00:00','roli55574',0,'Su1002011'),
('NTNP7320180354','Sesion Iniciada','17:29:04','2013-04-07 00:00:00','rolignu86255',0,'Su1002011'),
('NTNP732793264459','Sesion Iniciada','16:48:50','2013-05-14 00:00:00','tulio12334',0,'Su1002011'),
('NTNP73465813655','Sesion Iniciada','15:09:45','2013-04-22 00:00:00','roli55574',0,'Su1002011'),
('NTNP73545396760','Cerro sesion ','21:47:27','2013-05-12 00:00:00','roli55574',1,'Su1002011'),
('NTNP73711292861','Sesion Iniciada','17:31:25','2013-04-07 00:00:00','rolignu86255',0,'Su1002011'),
('NTNP739976676256','Cerro sesion ','23:17:45','2013-04-24 00:00:00','roli55574',1,'Su1002011'),
('NTNP740770760361','Cerro sesion ','11:03:13','2013-04-11 00:00:00','roli55574',1,'Su1002011'),
('NTNP742430592662','Cerro sesion ','18:28:17','2013-05-04 00:00:00','roli55574',1,'Su1002011'),
('NTNP742635509557','Cerro sesion ','12:07:36','2013-04-07 00:00:00','rolignu86255',1,'Su1002011'),
('NTNP744295341857','Sesion Iniciada','17:46:45','2013-05-14 00:00:00','tulio12334',0,'Su1003011'),
('NTNP7481538664','Sesion Iniciada','18:25:03','2013-04-23 00:00:00','roli55574',0,'Su1002011'),
('NTNP748542340369','Cerro sesion ','15:56:36','2013-04-22 00:00:00','roli55574',1,'Su1002011'),
('NTNP751201173669','Se realizo una venta; En hora de 14:23','14:23:57','2013-05-05 00:00:00','roli55574',2,'Su1002011'),
('NTNP756519837271','Cerro sesion ','17:02:35','2013-04-23 00:00:00','herberth20698',1,'Su1002011'),
('NTNP757384585466','Cerro sesion ','16:52:47','2013-04-11 00:00:00','roli55574',1,'Su1002011'),
('NTNP76043418766','Cerro sesion ','11:25:37','2013-05-16 00:00:00','roli55574',1,'Su1002011'),
('NTNP761837501871','Sesion Iniciada','17:26:45','2013-04-07 00:00:00','rolignu86255',0,'Su1002011'),
('NTNP762632585976','Sesion Iniciada','11:34:04','2013-05-16 00:00:00','roli55574',0,'Su1002011'),
('NTNP7632316622','Cerro sesion ','12:20:13','2013-04-07 00:00:00','rolignu86255',1,'Su1002011'),
('NTNP763496334173','Sesion Iniciada','15:14:16','2013-04-17 00:00:00','roli55574',0,'Su1002011'),
('NTNP766156166473','Cerro sesion ','11:38:01','2013-05-16 00:00:00','roli55574',1,'Su1002011'),
('NTNP76960982879','Sesion Iniciada','11:55:18','2013-05-16 00:00:00','roli55574',0,'Su1002011'),
('NTNP77147483075','Sesion Iniciada','19:16:19','2013-05-05 00:00:00','roli55574',0,'Su1002011'),
('NTNP772268913180','Sesion Iniciada','15:02:00','2013-04-12 00:00:00','roli55574',0,'Su1002011'),
('NTNP773133662375','Sesion Iniciada','12:52:40','2013-04-18 00:00:00','roli55574',0,'Su1002011'),
('NTNP775721829585','Sesion Iniciada','20:00:45','2013-04-08 00:00:00','rolignu86255',0,'Su1002011'),
('NTNP776586578781','Sesion Iniciada','19:54:11','2013-05-15 00:00:00','roli55574',0,'Su1002011'),
('NTNP785358159788','Sesion Iniciada','14:11:57','2013-05-08 00:00:00','roli55574',0,'Su1002011'),
('NTNP786152242893','Sesion Iniciada','21:35:29','2013-05-08 00:00:00','roli55574',0,'Su1002011'),
('NTNP786222906983','Sesion Iniciada','11:28:48','2013-04-04 00:00:00','rolignu86255',0,'Su1002011'),
('NTNP7871799089','Cerro sesion ','08:39:04','2013-04-23 00:00:00','herberth20698',1,'Su1002011'),
('NTNP78881174194','Sesion Iniciada','21:41:30','2013-04-24 00:00:00','roli55574',0,'Su1002011'),
('NTNP789881739285','Cerro sesion ','11:28:23','2013-05-14 00:00:00','herberth20698',1,'Su1002011'),
('NTNP791470906495','Sesion Iniciada','14:19:28','2013-05-16 00:00:00','roli55574',0,'Su1002011'),
('NTNP791540571585','Cerro sesion ','20:51:32','2013-04-23 00:00:00','roli55574',1,'Su1002011'),
('NTNP792335655690','Sesion Iniciada','18:06:06','2013-04-11 00:00:00','roli55574',0,'Su1002011'),
('NTNP793129738795','Sesion Iniciada','11:12:29','2013-05-16 00:00:00','roli55574',0,'Su1002011'),
('NTNP797653319292','producto agregado Cod:(PN5633663365533 ) Nombre: tapaderas para refrigeradora mabe','11:50:04','2013-05-16 00:00:00','roli55574',2,'Su1002011'),
('NTNP798447403397','Sesion Iniciada','18:04:57','2013-04-18 00:00:00','roli55574',0,'Su1002011'),
('NTNP800312152592','Sesion Iniciada','17:14:27','2013-05-14 00:00:00','tulio12334',0,'Su1003011'),
('NTNP801106235697','Sesion Iniciada','15:00:12','2013-05-08 00:00:00','roli55574',0,'Su1002011'),
('NTNP801900319802','producto agregado Cod:(PN4556663 ) Nombre: fajas lavadora wirlpool','18:04:22','2013-05-15 00:00:00','tulio12334',2,'Su1003011'),
('NTNP802970983892','Sesion Iniciada','17:18:42','2013-04-07 00:00:00','rolignu86255',0,'Su1002011'),
('NTNP804559151103','Sesion Iniciada','17:03:49','2013-04-23 00:00:00','roli55574',0,'Su1002011'),
('NTNP8115376476','Cerro sesion ','17:04:27','2013-05-14 00:00:00','roli55574',1,'Su1002011'),
('NTNP811742564900','Cerro sesion ','14:23:37','2013-05-10 00:00:00','roli55574',1,'Su1002011'),
('NTNP815990563411','producto agregado Cod:(PN45663663 ) Nombre: mangueras genericas','09:49:39','2013-05-16 00:00:00','roli55574',2,'Su1002011'),
('NTNP81661228501','Sesion Iniciada','20:29:11','2013-04-11 00:00:00','roli55574',0,'Su1002011'),
('NTNP816854312606','Sesion Iniciada','18:22:12','2013-05-14 00:00:00','roli55574',0,'Su1002011'),
('NTNP817649395711','Sesion Iniciada','19:16:47','2013-04-09 00:00:00','rolignu86255',0,'Su1002011'),
('NTNP81871961802','Cerro sesion ','21:02:34','2013-05-13 00:00:00','roli55574',1,'Su1002011'),
('NTNP820379892103','Cerro sesion ','11:56:03','2013-05-16 00:00:00','roli55574',1,'Su1002011'),
('NTNP821173976208','Se realizo una venta; En hora de 06:17 p.m.','18:17:46','2013-05-15 00:00:00','roli55574',2,'Su1002011'),
('NTNP825626891614','Sesion Iniciada','11:29:47','2013-04-16 00:00:00','roli55574',0,'Su1002011'),
('NTNP827285724914','Sesion Iniciada','12:54:15','2013-04-18 00:00:00','roli55574',0,'Su1002011'),
('NTNP829150473110','Cerro sesion ','14:42:35','2013-05-09 00:00:00','peter55156',1,'Su1002011'),
('NTNP830738640320','Producto PU456699999 Ha sido eliminado de la lista ','18:03:07','2013-05-15 00:00:00','tulio12334',5,'Su1003011'),
('NTNP830944556215','Sesion Iniciada','12:52:29','2013-04-17 00:00:00','roli55574',0,'Su1002011'),
('NTNP831809305411','Sesion Iniciada','00:04:27','2013-04-04 00:00:00','rolignu86255',0,'Su1002011'),
('NTNP832603388516','Sesion Iniciada','17:15:44','2013-04-23 00:00:00','herberth20698',0,'Su1002011'),
('NTNP83612796912','Cerro sesion ','23:08:25','2013-05-15 00:00:00','roli55574',1,'Su1002011'),
('NTNP83792153117','Sesion Iniciada','13:05:14','2013-04-18 00:00:00','roli55574',0,'Su1002011'),
('NTNP838716137222','Sesion Iniciada','17:52:02','2013-05-02 00:00:00','roli55574',0,'Su1002011'),
('NTNP842240717718','Cerro sesion ','14:41:20','2013-05-09 00:00:00','roli55574',1,'Su1002011'),
('NTNP848352465425','Cerro sesion ','11:21:50','2013-05-27 00:00:00','roli55574',1,'Su1002011'),
('NTNP850217214620','Sesion Iniciada','11:18:49','2013-05-04 00:00:00','roli55574',0,'Su1002011'),
('NTNP85367013027','Cerro sesion ','11:19:04','2013-05-09 00:00:00','roli55574',1,'Su1002011'),
('NTNP8558161663','Cerro sesion ','17:39:55','2013-04-23 00:00:00','herberth20698',1,'Su1002011'),
('NTNP85612446432','Sesion Iniciada','01:23:43','2013-05-15 00:00:00','roli55574',0,'Su1002011'),
('NTNP859577960837','Cerro sesion ','17:35:34','2013-04-23 00:00:00','roli55574',1,'Su1002011'),
('NTNP86921329041','Sesion Iniciada','16:39:07','2013-04-15 00:00:00','roli55574',0,'Su1002011'),
('NTNP872872122341','Sesion Iniciada','08:37:50','2013-04-23 00:00:00','herberth20698',0,'Su1002011'),
('NTNP876396703837','Cerro sesion ','23:49:33','2013-04-23 00:00:00','roli55574',1,'Su1002011'),
('NTNP877190786942','Sesion Iniciada','14:18:41','2013-04-12 00:00:00','roli55574',0,'Su1002011'),
('NTNP87955535138','Sesion Iniciada','22:00:12','2013-05-08 00:00:00','roli55574',0,'Su1002011'),
('NTNP879849618243','Cerro sesion ','21:05:44','2013-05-12 00:00:00','roli55574',1,'Su1002011'),
('NTNP882508451544','Sesion Iniciada','13:36:17','2013-04-18 00:00:00','roli55574',0,'Su1002011'),
('NTNP884168283844','Sesion Iniciada','15:50:46','2013-04-22 00:00:00','user36474',0,'Su1003011'),
('NTNP885961367949','Sesion Iniciada','14:18:18','2013-05-05 00:00:00','roli55574',0,'Su1002011'),
('NTNP887826115146','producto agregado Cod:(PN55663 ) Nombre: Ventiladores 12/15 dc','20:00:00','2013-04-08 00:00:00','rolignu86255',2,'Su1002011'),
('NTNP89175115656','Sesion Iniciada','21:44:56','2013-05-08 00:00:00','roli55574',0,'Su1002011'),
('NTNP8935532469','Cerro sesion ','23:14:17','2013-05-05 00:00:00','roli55574',1,'Su1002011'),
('NTNP893733946956','Sesion Iniciada','23:46:53','2013-04-03 00:00:00','rolignu86255',0,'Su1002011'),
('NTNP893938863851','Sesion Iniciada','14:06:56','2013-05-09 00:00:00','roli55574',0,'Su1002011'),
('NTNP895598695153','Cerro sesion ','01:19:11','2013-05-03 00:00:00','roli55574',1,'Su1002011'),
('NTNP896392779258','Sesion Iniciada','17:25:01','2013-04-07 00:00:00','rolignu86255',0,'Su1002011'),
('NTNP89829615574','Cerro sesion ','01:18:41','2013-05-03 00:00:00','roli55574',1,'Su1002011'),
('NTNP907822191565','Sesion Iniciada','11:30:10','2013-05-04 00:00:00','roli55574',0,'Su1002011'),
('NTNP908893856656','Sesion Iniciada','12:02:46','2013-05-14 00:00:00','herberth20698',0,'Su1002011'),
('NTNP91134777262','Sesion Iniciada','21:43:46','2013-04-24 00:00:00','roli55574',0,'Su1002011'),
('NTNP912141855167','Sesion Iniciada','23:12:56','2013-04-24 00:00:00','roli55574',0,'Su1002011'),
('NTNP9136604362','Sesion Iniciada','22:38:59','2013-04-23 00:00:00','roli55574',0,'Su1002011'),
('NTNP914800688467','Sesion Iniciada','11:17:17','2013-05-11 00:00:00','roli55574',0,'Su1002011'),
('NTNP91694364769','Sesion Iniciada','14:49:53','2013-05-09 00:00:00','roli55574',0,'Su1002011'),
('NTNP917459520768','Sesion Iniciada','11:48:49','2013-04-07 00:00:00','rolignu86255',0,'Su1002011'),
('NTNP923642933565','Sesion Iniciada','16:58:33','2013-05-14 00:00:00','tulio12334',0,'Su1002011'),
('NTNP92443617670','Sesion Iniciada','17:58:52','2013-05-14 00:00:00','roli55574',0,'Su1002011'),
('NTNP92488447874','Sesion Iniciada','12:34:17','2013-04-25 00:00:00','roli55574',0,'Su1002011'),
('NTNP92788993276','Sesion Iniciada','14:57:02','2013-04-17 00:00:00','roli55574',0,'Su1002011'),
('NTNP92796848970','Cerro sesion ','14:29:35','2013-05-04 00:00:00','roli55574',1,'Su1002011'),
('NTNP930548764377','Cerro sesion ','21:50:42','2013-05-12 00:00:00','herberth20698',1,'Su1002011'),
('NTNP932208597677','Sesion Iniciada','14:41:15','2013-05-06 00:00:00','roli55574',0,'Su1002011'),
('NTNP935866429977','Cerro sesion ','01:18:39','2013-05-03 00:00:00','roli55574',1,'Su1002011'),
('NTNP93666151283','producto agregado Cod:(PU4563663 ) Nombre: tornillos 3mm/5mm','14:32:10','2013-05-05 00:00:00','roli55574',2,'Su1002011'),
('NTNP937731178174','Sesion Iniciada','22:42:01','2013-04-08 00:00:00','rolignu86255',0,'Su1002011'),
('NTNP93939010474','Sesion Iniciada','21:15:35','2013-05-08 00:00:00','mario10107',0,'Su1002011'),
('NTNP94018594579','Sesion Iniciada','19:31:33','2013-05-02 00:00:00','roli55574',0,'Su1002011'),
('NTNP9435319670','Cerro sesion ','13:04:46','2013-05-14 00:00:00','roli55574',1,'Su1002011'),
('NTNP947162590481','Sesion Iniciada','20:29:39','2013-05-12 00:00:00','roli55574',0,'Su1002011'),
('NTNP949750757691','Cerro sesion ','17:14:07','2013-04-23 00:00:00','roli55574',1,'Su1002011'),
('NTNP950821422782','Sesion Iniciada','22:52:52','2013-04-24 00:00:00','roli55574',0,'Su1002011'),
('NTNP951615506887','Cerro sesion ','16:55:57','2013-05-14 00:00:00','tulio12334',1,'Su1002011'),
('NTNP952410589992','Sesion Iniciada','18:58:28','2013-05-14 00:00:00','roli55574',0,'Su1002011'),
('NTNP95248025483','Sesion Iniciada','17:05:40','2013-05-14 00:00:00','roli55574',0,'Su1002011'),
('NTNP953274338188','Cerro sesion ','15:56:35','2013-04-22 00:00:00','roli55574',1,'Su1002011'),
('NTNP956933170489','Cerro sesion ','23:49:32','2013-04-23 00:00:00','roli55574',1,'Su1002011'),
('NTNP957727254594','Sesion Iniciada','11:00:00','2013-04-11 00:00:00','roli55574',0,'Su1002011'),
('NTNP95938786894','Sesion Iniciada','11:11:04','2013-04-16 00:00:00','roli55574',0,'Su1002011'),
('NTNP961229371','Cerro sesion ','18:26:17','2013-05-14 00:00:00','tulio12334',1,'Su1003011'),
('NTNP96125283490','Sesion Iniciada','17:15:29','2013-04-22 00:00:00','roli55574',0,'Su1002011'),
('NTNP964705750496','Sesion Iniciada','23:08:19','2013-05-15 00:00:00','roli55574',0,'Su1002011'),
('NTNP965499833601','Sesion Iniciada','11:05:10','2013-04-11 00:00:00','roli55574',0,'Su1002011'),
('NTNP967159666901','Sesion Iniciada','16:49:07','2013-04-07 00:00:00','rolignu86255',0,'Su1002011'),
('NTNP971682247398','Cerro sesion ','12:00:10','2013-05-14 00:00:00','roli55574',1,'Su1002011'),
('NTNP971887163293','Sesion Iniciada','19:39:12','2013-05-14 00:00:00','roli55574',0,'Su1002011'),
('NTNP975136163803','Cerro sesion ','23:03:38','2013-05-15 00:00:00','peter55156',1,'Su1003011'),
('NTNP97806112476','Sesion Iniciada','11:01:36','2013-04-13 00:00:00','roli55574',0,'Su1002011'),
('NTNP979659743300','Sesion Iniciada','11:04:24','2013-04-25 00:00:00','roli55574',0,'Su1002011'),
('NTNP980453826405','Sesion Iniciada','11:39:27','2013-05-04 00:00:00','roli55574',0,'Su1002011'),
('NTNP982113659705','Sesion Iniciada','23:09:24','2013-05-15 00:00:00','roli55574',0,'Su1002011'),
('NTNP986566575112','Sesion Iniciada','14:19:22','2013-05-05 00:00:00','roli55574',0,'Su1002011'),
('NTNP99090156607','Cerro sesion ','22:57:04','2013-05-08 00:00:00','roli55574',1,'Su1002011'),
('NTNP991884239712','Cerro sesion ','20:12:51','2013-05-02 00:00:00','roli55574',1,'Su1002011'),
('NTNP992748987908','Sesion Iniciada','14:33:44','2013-04-12 00:00:00','roli55574',0,'Su1002011'),
('NTNP994338155119','Sesion Iniciada','15:19:17','2013-05-04 00:00:00','roli55574',0,'Su1002011'),
('NTNP995408820209','Sesion Iniciada','15:54:51','2013-04-22 00:00:00','roli55574',0,'Su1002011');
/*!40000 ALTER TABLE `Notificacion` ENABLE KEYS */;


--
-- Definition of table `Proveedores`
--

DROP TABLE IF EXISTS `Proveedores`;
CREATE TABLE IF NOT EXISTS `Proveedores` (
  `idproveedor` varchar(255) NOT NULL,
  `nombre` varchar(255) NOT NULL,
  `direccion` varchar(255) DEFAULT NULL,
  `telefono` varchar(9) NOT NULL,
  `sitioweb` varchar(255) DEFAULT NULL,
  PRIMARY KEY (`idproveedor`)
) ENGINE=InnoDB DEFAULT CHARSET=latin1;

--
-- Dumping data for table `Proveedores`
--

/*!40000 ALTER TABLE `Proveedores` DISABLE KEYS */;
INSERT INTO `Proveedores` (`idproveedor`,`nombre`,`direccion`,`telefono`,`sitioweb`) VALUES
('PROV19701426','repuestos el salvador','ciudad delgado','2212-2202','herberthhns.com'),
('PROV2538851','Repuesto importados guatemala','29 ave norte, por la nacional','2285-7412',''),
('PROV295791219','Repuestos s.a de s.v','calle 29 ave norte sucursal san salvador','2262-3366',''),
('PROV380502202','agencia de magueras el salvador','','2256-9966','http://'),
('PROV39152120','Ventiladores','75 ave norte calle mano de leon','2262-0282','www.rsoft.com'),
('PROV66839362','industrias compresor','75 ave norte calle mano de leon','22654885','');
/*!40000 ALTER TABLE `Proveedores` ENABLE KEYS */;


--
-- Definition of table `User_login`
--

DROP TABLE IF EXISTS `User_login`;
CREATE TABLE IF NOT EXISTS `User_login` (
  `iduser` varchar(255) NOT NULL DEFAULT '',
  `username` varchar(255) NOT NULL,
  `email` varchar(255) NOT NULL,
  `password` varchar(255) NOT NULL,
  `estado` varchar(255) NOT NULL,
  `tipo` varchar(255) NOT NULL,
  `sesion` int(11) NOT NULL,
  PRIMARY KEY (`iduser`)
) ENGINE=MyISAM AUTO_INCREMENT=33 DEFAULT CHARSET=latin1;

--
-- Dumping data for table `User_login`
--

/*!40000 ALTER TABLE `User_login` DISABLE KEYS */;
INSERT INTO `User_login` (`iduser`,`username`,`email`,`password`,`estado`,`tipo`,`sesion`) VALUES
('herberth20698','0LXfemdYFLhJWisluDC/BYsLo8iF+u8UnvJ1nHUXbJg=','','SF8ozPs7Of9fMig/yIbTNGay4vzXWHy7cTIkdaW2EEU=','1','admin',0),
('roli55574','+xtDApHNP7yt48SQBo9D2bI7AdhPQ2B6wIqPVJBF5+0=','rolignu90@gmail.com','yqMaqOAdLJjVQ3cSak8ozj/MCi5WO22srB357TMVfUA=','1','root',0),
('tulio12334','Y2tAvBSl2Y3PHr8wiQDMhWVGRM7Ov/U9eSwTcfkwSUc=','tulito@hotmail.com','SF8ozPs7Of9fMig/yIbTNGay4vzXWHy7cTIkdaW2EEU=','1','root',0),
('user36474','HT5Sb6IPbtPY6v/3tOO5yisdRZvoe1JimJKZbvzwciE=','','HT5Sb6IPbtPY6v/3tOO5yisdRZvoe1JimJKZbvzwciE=','1','user\t',0),
('peter55156','NwESGy0cRwBig9QAB6plGmVx1+wfJ8t41Ysco31qAR0=','','SF8ozPs7Of9fMig/yIbTNGay4vzXWHy7cTIkdaW2EEU=','1','user\t',0),
('mario10107','Ats127YaKnWZ6u+zZzFQy7XXhcwIzFtso+T3rXZgiBg=','mario.duran@gamil.com','Ats127YaKnWZ6u+zZzFQy7XXhcwIzFtso+T3rXZgiBg=','1','user\t',0),
('marco74637','ZPG/PNciI9tFnFE4NcW91JDuysTkTdUOb/a5qFezl7g=','','2LRZZ9kra1BsMu0jS6FAwAVAzO3dhD+GbkXPhG4Boe4=','1','admin',1);
/*!40000 ALTER TABLE `User_login` ENABLE KEYS */;


--
-- Definition of table `actividades`
--

DROP TABLE IF EXISTS `actividades`;
CREATE TABLE IF NOT EXISTS `actividades` (
  `idactividades` int(11) NOT NULL AUTO_INCREMENT,
  `actividad` varchar(255) NOT NULL,
  `fecha` date NOT NULL,
  `hora` text NOT NULL,
  `idempleado` varchar(255) NOT NULL,
  PRIMARY KEY (`idactividades`)
) ENGINE=InnoDB AUTO_INCREMENT=76 DEFAULT CHARSET=utf8;

--
-- Dumping data for table `actividades`
--

/*!40000 ALTER TABLE `actividades` DISABLE KEYS */;
INSERT INTO `actividades` (`idactividades`,`actividad`,`fecha`,`hora`,`idempleado`) VALUES
(1,'Prod: Nuevo eq10 vendido','2013-03-01 00:00:00','00:00:00','EMPRO2800'),
(2,'Prod: Nuevo eq10 vendido','2013-03-22 00:00:00','00:00:00','EMPRO2800'),
(3,'PU55664:tuercas varias 5mm','2013-04-11 00:00:00','17:57:00','EMPRO8182'),
(4,'PU55664:tuercas varias 5mm','2013-04-11 00:00:00','17:58:00','EMPRO8182'),
(5,'PN55663:Ventiladores 12/15 dc','2013-04-11 00:00:00','17:58:00','EMPRO8182'),
(6,'PN100105:compresor','2013-04-11 00:00:00','17:58:00','EMPRO8182'),
(7,'PN2663636:paquete de tornillos','2013-04-11 00:00:00','17:58:00','EMPRO8182'),
(8,'PU55664:tuercas varias 5mm','2013-04-11 00:00:00','18:06:00','EMPRO8182'),
(9,'TYU0120324:VENTILADOR DE 1/2','2013-04-11 00:00:00','18:06:00','EMPRO8182'),
(10,'PU55664:tuercas varias 5mm','2013-04-11 00:00:00','18:06:00','EMPRO8182'),
(11,'TYU0120324:VENTILADOR DE 1/2','2013-04-11 00:00:00','18:06:00','EMPRO8182'),
(12,'TYU0120324:VENTILADOR DE 1/2','2013-04-11 00:00:00','18:06:00','EMPRO8182'),
(13,'PU55664:tuercas varias 5mm','2013-04-11 00:00:00','18:07:00','EMPRO8182'),
(14,'PN2002336:CALENTADOR','2013-04-11 00:00:00','18:07:00','EMPRO8182'),
(15,'TYU0120324:VENTILADOR DE 1/2','2013-04-11 00:00:00','18:07:00','EMPRO8182'),
(16,'TYU0120324:VENTILADOR DE 1/2','2013-04-11 00:00:00','18:07:00','EMPRO8182'),
(17,'PN2663636:paquete de tornillos','2013-04-11 00:00:00','18:20:00','EMPRO8182'),
(18,'PN55663:Ventiladores 12/15 dc','2013-04-11 00:00:00','18:20:00','EMPRO8182'),
(19,'PU55664:tuercas varias 5mm','2013-04-12 00:00:00','14:47:00','EMPRO8182'),
(20,'PN2663636:paquete de tornillos','2013-04-12 00:00:00','14:47:00','EMPRO8182'),
(21,'PU55664:tuercas varias 5mm','2013-04-12 00:00:00','14:48:00','EMPRO8182'),
(22,'PN2663636:paquete de tornillos','2013-04-12 00:00:00','14:48:00','EMPRO8182'),
(23,'PU55664:tuercas varias 5mm','2013-04-12 00:00:00','14:51:00','EMPRO8182'),
(24,'PN100105:compresor','2013-04-12 00:00:00','14:51:00','EMPRO8182'),
(25,'PN55663:Ventiladores 12/15 dc','2013-04-12 00:00:00','14:51:00','EMPRO8182'),
(26,'PU55664:tuercas varias 5mm','2013-04-12 00:00:00','14:58:00','EMPRO8182'),
(27,'PU55664:tuercas varias 5mm','2013-04-12 00:00:00','15:02:00','EMPRO8182'),
(28,'PU55664:tuercas varias 5mm','2013-04-12 00:00:00','17:17:00','EMPRO8182'),
(29,'PU55664:tuercas varias 5mm','2013-04-12 00:00:00','17:38:00','EMPRO8182'),
(30,'PN2663636:paquete de tornillos','2013-04-12 00:00:00','17:38:00','EMPRO8182'),
(31,'PN55663:Ventiladores 12/15 dc','2013-04-12 00:00:00','17:38:00','EMPRO8182'),
(32,'PU55664:tuercas varias 5mm','2013-04-12 00:00:00','17:39:00','EMPRO8182'),
(33,'PN55663:Ventiladores 12/15 dc','2013-04-12 00:00:00','17:39:00','EMPRO8182'),
(34,'PN2663636:paquete de tornillos','2013-04-12 00:00:00','17:39:00','EMPRO8182'),
(35,'PU55664:tuercas varias 5mm','2013-04-12 00:00:00','17:39:00','EMPRO8182'),
(36,'PN2663636:paquete de tornillos','2013-04-12 00:00:00','17:39:00','EMPRO8182'),
(37,'PN55663:Ventiladores 12/15 dc','2013-04-12 00:00:00','17:39:00','EMPRO8182'),
(38,'PN2663636:paquete de tornillos','2013-04-12 00:00:00','18:49:00','EMPRO8182'),
(39,'PN55663:Ventiladores 12/15 dc','2013-04-12 00:00:00','18:49:00','EMPRO8182'),
(40,'PN100105:compresor','2013-04-12 00:00:00','18:49:00','EMPRO8182'),
(41,'PU556644:Tuercas 5mm','2013-05-04 00:00:00','14:19:00','EMPRO8182'),
(42,'PU20054:ventilador 115/100','2013-05-04 00:00:00','14:28:00','EMPRO8182'),
(43,'PU556644:Tuercas 5mm','2013-05-04 00:00:00','14:28:00','EMPRO8182'),
(44,'PU20054:ventilador 115/100','2013-05-04 00:00:00','14:55:00','EMPRO8182'),
(45,'PU556644:Tuercas 5mm','2013-05-04 00:00:00','14:55:00','EMPRO8182'),
(46,'PU556644:Tuercas 5mm','2013-05-04 00:00:00','15:01:00','EMPRO8182'),
(47,'PU20054:ventilador 115/100','2013-05-04 00:00:00','15:04:00','EMPRO8182'),
(48,'PU556644:Tuercas 5mm','2013-05-04 00:00:00','15:04:00','EMPRO8182'),
(49,'PU556644:Tuercas 5mm','2013-05-04 00:00:00','15:11:00','EMPRO8182'),
(50,'TYU0120324:VENTILADOR DE 1/2','2013-05-04 00:00:00','15:11:00','EMPRO8182'),
(51,'897345:faja lavadora general electric','2013-05-04 00:00:00','15:11:00','EMPRO8182'),
(52,'PN2663636:paquete de tornillos','2013-05-04 00:00:00','15:11:00','EMPRO8182'),
(53,'PN4556636:tuberia para lavadora','2013-05-04 00:00:00','15:15:00','EMPRO8182'),
(54,'023452:faja lavadora whirpool','2013-05-04 00:00:00','15:15:00','EMPRO8182'),
(55,'897345:faja lavadora general electric','2013-05-04 00:00:00','15:15:00','EMPRO8182'),
(56,'897345:faja lavadora general electric','2013-05-04 00:00:00','15:19:00','EMPRO8182'),
(57,'PN55663:Ventiladores 12/15 dc','2013-05-04 00:00:00','15:19:00','EMPRO8182'),
(58,'PN4556636:tuberia para lavadora','2013-05-04 00:00:00','15:26:00','EMPRO8182'),
(59,'PU20054:ventilador 115/100','2013-05-04 00:00:00','15:26:00','EMPRO8182'),
(60,'897345:faja lavadora general electric','2013-05-04 00:00:00','15:26:00','EMPRO8182'),
(61,'PU20054:ventilador 115/100','2013-05-04 00:00:00','15:46:00','EMPRO8182'),
(62,'PU556644:Tuercas 5mm','2013-05-05 00:00:00','14:23:00','EMPRO8182'),
(63,'PU5663663455:Motor para refligeradora frigilux','2013-05-06 00:00:00','14:59:00','EMPRO8182'),
(64,'PN55663:Ventiladores 12/15 dc','2013-05-06 00:00:00','14:59:00','EMPRO8182'),
(65,'PU4563663AD:liquido ','2013-05-06 00:00:00','14:59:00','EMPRO8182'),
(66,'PU5663663455:Motor para refligeradora frigilux','2013-05-06 00:00:00','19:10:00','EMPRO8182'),
(67,'PU4563663:tornillos 3mm/5mm','2013-05-11 00:00:00','11:18 a.m.','EMPRO8182'),
(68,'PU25005663:cabezales para lavadoras','2013-05-12 00:00:00','09:04 p.m.','EMPRO8182'),
(69,'PU4563663:tornillos 3mm/5mm','2013-05-13 00:00:00','09:01 p.m.','EMPRO8182'),
(70,'PU556644:Tuercas 5mm','2013-05-14 00:00:00','11:22 a.m.','EMPRO8182'),
(71,'PNKS100:Vntiladores especiales','2013-05-14 00:00:00','05:24 p.m.','EMPRO8182'),
(72,'PN100105:compresor','2013-05-15 00:00:00','06:17 p.m.','EMPRO8182'),
(73,'PU25005663:cabezales para lavadoras','2013-05-16 00:00:00','10:41 a.m.','EMPRO8182'),
(74,'PN5633663365533:tapaderas para refrigeradora mabe','2013-05-16 00:00:00','11:56 a.m.','EMPHH7428'),
(75,'123456:bomba de agua general electric','2013-05-16 00:00:00','11:58 a.m.','EMPHH7428');
/*!40000 ALTER TABLE `actividades` ENABLE KEYS */;


--
-- Definition of table `clientes`
--

DROP TABLE IF EXISTS `clientes`;
CREATE TABLE IF NOT EXISTS `clientes` (
  `idcliente` varchar(255) NOT NULL,
  `nombre` text NOT NULL,
  `telefono` text NOT NULL,
  `dui` text,
  `nit` text,
  `direccion` text,
  `fecha` date NOT NULL,
  PRIMARY KEY (`idcliente`)
) ENGINE=InnoDB DEFAULT CHARSET=latin1;

--
-- Dumping data for table `clientes`
--

/*!40000 ALTER TABLE `clientes` DISABLE KEYS */;
INSERT INTO `clientes` (`idcliente`,`nombre`,`telefono`,`dui`,`nit`,`direccion`,`fecha`) VALUES
('CLT20743491','Anacleta Pocasangre','2292-2509','01017887-2','    -      -   -','Colonia los Perros','2013-05-14 00:00:00'),
('CLT21161117','mario duran','6633-6634','        -','    -      -   -','','2013-05-08 00:00:00'),
('CLT33134224','herberth antonio','5566-3355','45454545-2','    -      -   -','sant tecla','2013-05-08 00:00:00'),
('CLT34155916','herberth','5663-3663','    -','    -','','2013-05-08 00:00:00'),
('CLT36162320','rolando antonio','2262-0282','4563-3263','1266-3669','75 ave norte','2013-04-12 00:00:00'),
('CLT39429161','fernando jose','2274-1597','    -','    -','75ave norte','2013-04-12 00:00:00');
/*!40000 ALTER TABLE `clientes` ENABLE KEYS */;


--
-- Definition of table `detalle_factura`
--

DROP TABLE IF EXISTS `detalle_factura`;
CREATE TABLE IF NOT EXISTS `detalle_factura` (
  `id_factura` varchar(255) NOT NULL,
  `cod_producto` varchar(255) NOT NULL,
  `producto` text NOT NULL,
  `precio` decimal(10,2) NOT NULL,
  `cantidad` int(11) NOT NULL,
  `descuentos` text NOT NULL,
  `garantia` text NOT NULL
) ENGINE=InnoDB DEFAULT CHARSET=utf8;

--
-- Dumping data for table `detalle_factura`
--

/*!40000 ALTER TABLE `detalle_factura` DISABLE KEYS */;
INSERT INTO `detalle_factura` (`id_factura`,`cod_producto`,`producto`,`precio`,`cantidad`,`descuentos`,`garantia`) VALUES
('FACTCLT361623201201','PN4556636','tuberia para lavadora',5.00,1,'No','No Mes(es)'),
('FACTCLT361623201201','897345','faja lavadora general electric',18.00,4,'10','No Mes(es)'),
('FACTCLT361623201201','PU20054','ventilador 115/100',76.50,2,'15','No Mes(es)'),
('FACTCLT361623200191','PU20054','ventilador 115/100',38.25,1,'15','No Mes(es)'),
('FACTCLT361623201492','PU556644','Tuercas 5mm',800.00,1000,'No','No Mes(es)'),
('FACTCLT394291618693','PU5663663455','Motor para refligeradora frigilux',15.00,2,'25','No Mes(es)'),
('FACTCLT394291618693','PU4563663AD','liquido ',10.00,1,'No','No Mes(es)'),
('FACTCLT394291618693','PN55663','Ventiladores 12/15 dc',180.00,4,'No','No Mes(es)'),
('FACTCLT361623208294','PU5663663455','Motor para refligeradora frigilux',7.50,1,'25','No Mes(es)'),
('FACTCLT36162320682','PU4563663','tornillos 3mm/5mm',40.00,4,'No','No Mes(es)'),
('FACTCLT361623206273','PU25005663','cabezales para lavadoras',10.00,1,'No','No Mes(es)'),
('FACTCLT211611174692','PU4563663','tornillos 3mm/5mm',10.00,1,'No','No Mes(es)'),
('FACTCLT361623208570','PU556644','Tuercas 5mm',6360.00,7950,'No','No Mes(es)'),
('FACTCLT361623203862','PNKS100','Vntiladores especiales',10.00,1,'No','No Mes(es)'),
('FACTCLT21161117711','PN100105','compresor',384.00,1,'4','10 Mes(es)'),
('FACTCLT361623205880','PU25005663','cabezales para lavadoras',10.00,1,'No','No Mes(es)'),
('FACTCLT361623204260','PN5633663365533','tapaderas para refrigeradora mabe',45.00,2,'10','12 Mes(es)'),
('FACTCLT361623203563','123456','bomba de agua general electric',225.00,10,'10','No Mes(es)');
/*!40000 ALTER TABLE `detalle_factura` ENABLE KEYS */;


--
-- Definition of table `empleados`
--

DROP TABLE IF EXISTS `empleados`;
CREATE TABLE IF NOT EXISTS `empleados` (
  `idempleado` varchar(255) NOT NULL,
  `idusuario` varchar(255) DEFAULT NULL,
  `Nombre` varchar(255) NOT NULL,
  `Apellido` varchar(255) NOT NULL,
  `Dui` varchar(16) NOT NULL,
  `Salario` decimal(10,0) DEFAULT NULL,
  `idsucursal` varchar(255) NOT NULL,
  `Cargo` varchar(255) NOT NULL,
  `Estado` int(1) NOT NULL,
  PRIMARY KEY (`idempleado`)
) ENGINE=InnoDB DEFAULT CHARSET=latin1;

--
-- Dumping data for table `empleados`
--

/*!40000 ALTER TABLE `empleados` DISABLE KEYS */;
INSERT INTO `empleados` (`idempleado`,`idusuario`,`Nombre`,`Apellido`,`Dui`,`Salario`,`idsucursal`,`Cargo`,`Estado`) VALUES
('EMPHH7428','herberth20698','Herberth','Gonzales','00225552-2',1600,'Su1002011','Gerente',1),
('EMPM 1141','tulio12334','Marco ','Tulito','44444444-4',444,'Su1003011','Gerente',1),
('EMPM 6280','No','Melvin ','Carias','03923765-3',350,'Su1003011','Supervisor',1),
('EMPMO1758','marco74637','Marco','de la torre','02365985-4',350,'Su1003011','Empleado',1),
('EMPMO2710','mario10107','Mario','Duran','45668886-6',300,'Su1002011','Empleado',1),
('EMPPR1744','peter55156','peter','jarckin','45665555-6',400,'Su1003011','Empleado',1),
('EMPRO8182','roli55574','rolando','arriaza','45555554-5',1000,'Su1002011','Gerente',1),
('EMPUR5204','user36474','user','user','00000000-0',0,'Su1003011','Empleado',0);
/*!40000 ALTER TABLE `empleados` ENABLE KEYS */;


--
-- Definition of table `pnuevos`
--

DROP TABLE IF EXISTS `pnuevos`;
CREATE TABLE IF NOT EXISTS `pnuevos` (
  `idpnuevos` varchar(255) NOT NULL,
  `nombre` varchar(255) NOT NULL,
  `fecha` date NOT NULL,
  `precio` decimal(10,2) DEFAULT NULL,
  `cantidad` int(255) NOT NULL,
  `descuentos` varchar(255) NOT NULL,
  `garantia` varchar(255) NOT NULL,
  `idsucursal` varchar(255) NOT NULL
) ENGINE=InnoDB DEFAULT CHARSET=latin1;

--
-- Dumping data for table `pnuevos`
--

/*!40000 ALTER TABLE `pnuevos` DISABLE KEYS */;
INSERT INTO `pnuevos` (`idpnuevos`,`nombre`,`fecha`,`precio`,`cantidad`,`descuentos`,`garantia`,`idsucursal`) VALUES
('TYU0120324','VENTILADOR DE 1/2','2013-03-05 00:00:00',55.00,188,'10','No','Su1002011'),
('PN100105','compresor','2013-03-13 00:00:00',400.00,9,'4','10','Su1002011'),
('PN2002336','CALENTADOR','2013-03-29 00:00:00',40.00,10,'20',' 12','Su1002011'),
('PN55663','Ventiladores 12/15 dc','2013-04-08 00:00:00',45.00,94,'No','No','Su1002011'),
('PNKS100','Vntiladores especiales','2013-04-24 00:00:00',10.00,5,'No','No','Su1003011'),
('023452','faja lavadora whirpool','2013-04-02 00:00:00',5.00,196,'10','No','Su1002011'),
('897345','faja lavadora general electric','2013-04-02 00:00:00',5.00,164,'10','No','Su1002011'),
('123456','bomba de agua general electric','2013-04-02 00:00:00',25.00,90,'10','No','Su1002011'),
('PN4556636','tuberia para lavadora','2013-05-03 00:00:00',5.00,5,'No','No','Su1002011'),
('PN4556663','fajas lavadora wirlpool','2013-05-15 00:00:00',100.00,25,'No','2','Su1003011'),
('PN45663663','mangueras genericas','2013-05-16 00:00:00',10.00,100,'No','No','Su1002011'),
('PN45663663HGHGH','mangueras lavadoras wirlpool','2013-05-16 00:00:00',10.00,100,'No','No','Su1002011'),
('AG02523','Agitador GE','2013-05-16 00:00:00',35.00,10,'15','No','Su1002011'),
('PN5633663365533','tapaderas para refrigeradora mabe','2013-05-16 00:00:00',25.00,8,'10','12','Su1002011'),
('PN2468','tornillo 1/2','2013-05-16 00:00:00',1.00,500,'No','No','Su1002011');
/*!40000 ALTER TABLE `pnuevos` ENABLE KEYS */;


--
-- Definition of table `productos`
--

DROP TABLE IF EXISTS `productos`;
CREATE TABLE IF NOT EXISTS `productos` (
  `idproductos` varchar(255) NOT NULL,
  `idpusados` varchar(255) NOT NULL,
  `idpnuevos` varchar(255) NOT NULL,
  `existente` int(1) NOT NULL,
  `activo` int(1) NOT NULL,
  `idproveedores` varchar(255) NOT NULL,
  `idsucursal` varchar(255) NOT NULL,
  PRIMARY KEY (`idproductos`)
) ENGINE=InnoDB DEFAULT CHARSET=latin1;

--
-- Dumping data for table `productos`
--

/*!40000 ALTER TABLE `productos` DISABLE KEYS */;
INSERT INTO `productos` (`idproductos`,`idpusados`,`idpnuevos`,`existente`,`activo`,`idproveedores`,`idsucursal`) VALUES
('PROD04811','PU20054','NULL',1,1,'PROV19701426','Su1002011'),
('PROD0807','NULL','PNKS100',1,1,'PROV295791219','Su1003011'),
('PROD09810','NULL','PN45663663',1,0,'PROV66839362','Su1002011'),
('PROD11912','PU5663663455','NULL',1,1,'PROV2538851','Su1002011'),
('PROD1819','NULL','PN4556663',1,1,'PROV19701426','Su1003011'),
('PROD2359','PU4566636','NULL',1,0,'PROV2538851','Su1003011'),
('PROD289','PU4563663','NULL',1,1,'PROV2538851','Su1002011'),
('PROD3546','NULL','PN2468',1,1,'PROV380502202','Su1002011'),
('PROD36218','PU1001056663669336','NULL',1,1,'PROV19701426','Su1003011'),
('PROD3869','NULL','PN2002336',1,1,'PROV92203515','Su1002011'),
('PROD4187','PU556644','',1,1,'PROV19701426','Su1002011'),
('PROD42715','NULL','PN45663663HGHGH',1,1,'PROV66839362','Su1002011'),
('PROD44311','PU4563663AD','NULL',1,1,'PROV2538851','Su1002011'),
('PROD44615','NULL','PN5633663365533',1,1,'PROV2538851','Su1002011'),
('PROD4919','NULL','PN4556636',1,1,'PROV295791219','Su1002011'),
('PROD54413','PU25005663455','NULL',0,1,'PROV2538851','Su1002011'),
('PROD56010','PU25005663','NULL',1,1,'PROV2538851','Su1002011'),
('PROD62914','PU250066366365','NULL',1,1,'PROV2538851','Su1002011'),
('PROD6466','NULL','897345',1,1,'PROV295791219','Su1002011'),
('PROD6838','NULL','PN100105',1,1,'PROV39152120','Su1002011'),
('PROD7217','NULL','PN55663',1,1,'PROV39152120','Su1002011'),
('PROD7628','PU256636','NULL',1,1,'PROV2538851','Su1002011'),
('PROD7746','NULL','123456',1,1,'PROV295791219','Su1002011'),
('PROD77512','PU1001056663','NULL',1,1,'PROV19701426','Su1003011'),
('PROD7977','NULL','AG02523',1,1,'PROV2538851','Su1002011'),
('PROD85610','NULL','TYU0120324',1,1,'PROV295791219','Su1002011'),
('PROD8796','NULL','023452',1,1,'PROV295791219','Su1002011');
/*!40000 ALTER TABLE `productos` ENABLE KEYS */;


--
-- Definition of table `pusados`
--

DROP TABLE IF EXISTS `pusados`;
CREATE TABLE IF NOT EXISTS `pusados` (
  `idpusado` varchar(255) NOT NULL,
  `nombre` varchar(255) NOT NULL,
  `fecha` date NOT NULL,
  `estado` text NOT NULL,
  `precio` decimal(10,2) NOT NULL,
  `descuento` varchar(255) NOT NULL,
  `garantia` varchar(255) NOT NULL,
  `cantidad` int(11) NOT NULL,
  `idsucursal` varchar(255) NOT NULL
) ENGINE=InnoDB DEFAULT CHARSET=latin1;

--
-- Dumping data for table `pusados`
--

/*!40000 ALTER TABLE `pusados` DISABLE KEYS */;
INSERT INTO `pusados` (`idpusado`,`nombre`,`fecha`,`estado`,`precio`,`descuento`,`garantia`,`cantidad`,`idsucursal`) VALUES
('PU20054','ventilador 115/100','2013-03-14 00:00:00','No hay descripcion',45.00,'15','No',10,'Su1002011'),
('PU556644','Tuercas 5mm','2013-03-14 00:00:00','No hay descripcion',0.80,'No','No',50,'Su1002011'),
('PU25005663','cabezales para lavadoras','2013-05-05 00:00:00','No hay descripcion',10.00,'No','No',13,'Su1002011'),
('PU25005663455','tornillos 3mm','2013-05-05 00:00:00','No hay descripcion',10.00,'No','No',15,'Su1002011'),
('PU4563663','tornillos 3mm/5mm','2013-05-05 00:00:00','No hay descripcion',10.00,'No','No',10,'Su1002011'),
('PU4563663AD','liquido ','2013-05-05 00:00:00','No hay descripcion',10.00,'No','No',14,'Su1002011'),
('PU5663663455','Motor para refligeradora frigilux','2013-05-05 00:00:00','el motor funciona muy bien el problema es que al pasar demaciado tiempo se sobrecalienta',10.00,'25','No',12,'Su1002011'),
('PU250066366365','fajas lavadoras genericas','2013-05-14 00:00:00','No hay descripcion',58.00,'No','No',12,'Su1002011'),
('PU256636','ventiladores 12v','2013-05-14 00:00:00','este producto se garantiza su eficiencia',10.00,'15','No',100,'Su1002011'),
('PU1001056663','ventiladores 12v','2013-05-15 00:00:00','No hay descripcion',10.00,'No','No',15,'Su1003011'),
('PU1001056663669336','fajas lavadora generica','2013-05-15 00:00:00','faja lavadora ',50.00,'No','No',15,'Su1003011'),
('PU4566636','mangueras genericas','2013-05-15 00:00:00','No hay descripcion',10.00,'No','1',100,'Su1003011');
/*!40000 ALTER TABLE `pusados` ENABLE KEYS */;


--
-- Definition of table `sucursal`
--

DROP TABLE IF EXISTS `sucursal`;
CREATE TABLE IF NOT EXISTS `sucursal` (
  `idsucursal` varchar(255) NOT NULL,
  `Nombre` varchar(255) NOT NULL,
  `Direccion` varchar(255) NOT NULL,
  `Telefono` varchar(8) NOT NULL,
  `Gerente` varchar(255) NOT NULL,
  PRIMARY KEY (`idsucursal`)
) ENGINE=InnoDB DEFAULT CHARSET=latin1;

--
-- Dumping data for table `sucursal`
--

/*!40000 ALTER TABLE `sucursal` DISABLE KEYS */;
INSERT INTO `sucursal` (`idsucursal`,`Nombre`,`Direccion`,`Telefono`,`Gerente`) VALUES
('Su1002011','santa ana','78 ave sur .. metrocentro santa ana','22620282','Rolando Arriaza'),
('Su1003011','San salvador','79 ave norte ','22741597','Essau Villatoro'),
('Su1012011','Soyapango','soyapango centro ','22845566','Herberth Gonzales'),
('SUCG282123','guatemala , ciudad de guatemala','no hay','25856633','gonzalo merendes');
/*!40000 ALTER TABLE `sucursal` ENABLE KEYS */;


--
-- Definition of table `ventas`
--

DROP TABLE IF EXISTS `ventas`;
CREATE TABLE IF NOT EXISTS `ventas` (
  `id_ventas` varchar(255) NOT NULL,
  `id_clientes` varchar(255) NOT NULL,
  `total_ventas` varchar(255) NOT NULL,
  PRIMARY KEY (`id_ventas`)
) ENGINE=InnoDB DEFAULT CHARSET=latin1;

--
-- Dumping data for table `ventas`
--

/*!40000 ALTER TABLE `ventas` DISABLE KEYS */;

/*!40000 ALTER TABLE `ventas` ENABLE KEYS */;


/*!40103 SET TIME_ZONE=@OLD_TIME_ZONE */;
/*!40101 SET SQL_MODE=@OLD_SQL_MODE */;
/*!40014 SET FOREIGN_KEY_CHECKS=@OLD_FOREIGN_KEY_CHECKS */;
/*!40014 SET UNIQUE_CHECKS=@OLD_UNIQUE_CHECKS */;
/*!40101 SET CHARACTER_SET_CLIENT=@OLD_CHARACTER_SET_CLIENT */;
/*!40101 SET CHARACTER_SET_RESULTS=@OLD_CHARACTER_SET_RESULTS */;
/*!40101 SET COLLATION_CONNECTION=@OLD_COLLATION_CONNECTION */;
/*!40111 SET SQL_NOTES=@OLD_SQL_NOTES */;
